embedding,repeat,status,condition_number,E_star_k,CondVar,PredErr,MeanDisp,NeighborDisp,median_rk,q90_rk,mean_rk,n_queries,not_enough_queries
x_x_x,0,ok,3.090816180484919,0.11012405402107625,0.20416676559071406,0.08953115057661495,0.11363288345152932,0.151688581580572,0.06624295789203435,0.19343957812418433,0.1372454075394206,5000,0
x_x_x,1,ok,3.090816180484919,0.11072612287996433,0.21225224643195678,0.0855294742643619,0.1138216882937536,0.15107295944705737,0.06532177333401044,0.1903185562227886,0.13600571230112052,5000,0
x_x_x,2,ok,3.090816180484919,0.11169269510218055,0.21832130273046532,0.09264039768669328,0.11525356355905576,0.15288351917716464,0.06657212718824318,0.19273300895068404,0.13837224267724454,5000,0
x_x_x,3,ok,3.090816180484919,0.10967557792973202,0.20408740451970844,0.08768589269386927,0.11277652144889999,0.15035809935529065,0.06605356297405846,0.19331904636786382,0.13426826781530593,5000,0
x_x_x,4,ok,3.090816180484919,0.10573224537439586,0.17588338056963956,0.0922523454520797,0.10788906424393392,0.1454649673327056,0.06604440690848609,0.19031617490849173,0.1338930083450171,5000,0
x_x_x,5,ok,3.090816180484919,0.10316926061641891,0.18606418414599307,0.08015570337804291,0.10604095348576766,0.14189978650755114,0.06629741480203316,0.18842577330562987,0.12902436740929965,5000,0
x_x_x,6,ok,3.090816180484919,0.11192983434200926,0.24582664235437696,0.08791062767165826,0.11606767976634508,0.15413222482683486,0.06619349712827105,0.1894721042063533,0.13592477731100075,5000,0
x_x_x,7,ok,3.090816180484919,0.10725439650589119,0.1892884221189794,0.08659560796275664,0.10999894156688533,0.14698940988870446,0.065838517101013,0.19370501011971755,0.13427751402257865,5000,0
x_x_x,8,ok,3.090816180484919,0.11295837170567503,0.2270149496844569,0.09143476960868648,0.11697274743109243,0.15589189277483978,0.06627596899047547,0.19199813919498745,0.1401545743245129,5000,0
x_x_x,9,ok,3.090816180484919,0.10696089453547934,0.20173177714315135,0.08370817691134907,0.10993249481516004,0.14713074492329947,0.06592590419025376,0.19156539781481732,0.13404740384908886,5000,0
x_x_x,10,ok,3.090816180484919,0.10735715440581699,0.2045080751419939,0.08386598799800538,0.11027469441576938,0.14747326002152558,0.0667586195544427,0.18996575016100925,0.1320395045288071,5000,0
x_x_x,11,ok,3.090816180484919,0.11222980074127295,0.2276287709724388,0.09037320640779538,0.11583894477183736,0.15338201054451853,0.06621160720834006,0.19679011196228455,0.13485912535507205,5000,0
x_x_x,12,ok,3.090816180484919,0.11022220547084671,0.21889825298575952,0.08813839261552919,0.11390791222637912,0.1518367872967026,0.06591800099174353,0.19482099421743487,0.13802961071695494,5000,0
x_x_x,13,ok,3.090816180484919,0.1139573198645508,0.23100286907678752,0.08762475953206209,0.11720888633183964,0.15671105956086245,0.06617132329915035,0.19505576772080235,0.13492209976970873,5000,0
x_x_x,14,ok,3.090816180484919,0.11156145854514689,0.2150657041760468,0.0892285977212557,0.114908204695302,0.15370790814439947,0.06624719326648977,0.19675464482078794,0.13644857736289573,5000,0
x_x_x,15,ok,3.090816180484919,0.11073165761783473,0.1994360361262013,0.08641043246279033,0.1137810546281951,0.15211371829896556,0.06617626963876423,0.19525480278378338,0.13495546199763075,5000,0
x_x_x,16,ok,3.090816180484919,0.11023696015689864,0.2291429517125473,0.08558874228325844,0.11405486684594969,0.15075803337810567,0.06611318149707607,0.1915534851084567,0.13414307491206887,5000,0
x_x_x,17,ok,3.090816180484919,0.10507328262057263,0.18544016883302225,0.0855232997134174,0.10778116497540298,0.14487770706336636,0.06637476217338784,0.19041744499762409,0.1326129216289197,5000,0
x_x_x,18,ok,3.090816180484919,0.11887206952029232,0.2418562461542927,0.09469848417689636,0.12276335422522888,0.16420069191827388,0.06607212175296134,0.20209294227772556,0.14274443221953476,5000,0
x_x_x,19,ok,3.090816180484919,0.11095981178289807,0.23642618096364412,0.08631712338381331,0.11472402284286955,0.15165711800127066,0.06615566952945331,0.1895309338282026,0.1304996450665946,5000,0
x_x_x,20,ok,3.090816180484919,0.1101775302010569,0.22370498282452664,0.08644105105667173,0.11402228905400726,0.15156969673280263,0.06647431726991916,0.18959894581595438,0.13670224792887106,5000,0
x_x_x,21,ok,3.090816180484919,0.1045405720193881,0.205441466881005,0.08318300221203681,0.10831395115134182,0.14387139962780218,0.06658426093390543,0.1889316557549844,0.13186315413962157,5000,0
x_x_x,22,ok,3.090816180484919,0.10399598119968947,0.1773618684438381,0.0840433421773728,0.10634637606963354,0.14327444843335618,0.06622138604642255,0.19496913005526612,0.13296418775064375,5000,0
x_x_x,23,ok,3.090816180484919,0.10614481610047952,0.20101759967018742,0.08932297062250832,0.10952482239665806,0.14610669731391585,0.06611318149707607,0.19075388366818022,0.1335463281529001,5000,0
x_x_x,24,ok,3.090816180484919,0.1028049316239928,0.19105979243947288,0.08550177678748729,0.10598162330038699,0.1412095481472867,0.06608518596452381,0.19037855466092835,0.13197016633616043,5000,0
x_x_x,25,ok,3.090816180484919,0.10738404096019372,0.19647899453596604,0.0884821611371238,0.10984819678867279,0.1472933787720048,0.06623525049375549,0.1918875817686281,0.13324483085603428,5000,0
x_x_x,26,ok,3.090816180484919,0.10166949035717623,0.16698716158707358,0.081661031200096,0.1042284196421756,0.13982112697014235,0.06621489562191218,0.1949455161982744,0.1339457007969483,5000,0
x_x_x,27,ok,3.090816180484919,0.10816252090273966,0.2080630227915903,0.09370170625100213,0.11160612182838818,0.149551473388752,0.06615406088743911,0.19437712361393022,0.13530596792503075,5000,0
x_x_x,28,ok,3.090816180484919,0.10740886554453791,0.20123037861827264,0.08643467387714746,0.1108770660656517,0.14827758524790752,0.0661958429894185,0.1918875817686281,0.13619954549074506,5000,0
x_x_x,29,ok,3.090816180484919,0.10918208533117021,0.20238820947695205,0.08601517158489336,0.11202718402705286,0.14959928910994943,0.06582539454950333,0.19367105607096094,0.13670204910980172,5000,0
y_y_y,0,ok,3.44652416507327,0.04628476214768846,0.005710081250888968,0.036670659860735796,0.046981855647917715,0.06335832437466148,0.06570737112838262,0.17041132684461868,0.08629339669932462,5000,0
y_y_y,1,ok,3.44652416507327,0.045563318053990824,0.005368243335739705,0.03628751714524755,0.04615248768142327,0.06228813843748935,0.06465714773002873,0.16910153156691102,0.08548771745738057,5000,0
y_y_y,2,ok,3.44652416507327,0.04527654115533304,0.005152815839952957,0.03801127001877043,0.04587344606435014,0.062093537756522314,0.06560867862115619,0.16939635257037566,0.08651358246231385,5000,0
y_y_y,3,ok,3.44652416507327,0.044829229928447546,0.004763063159681816,0.037379291340042586,0.045416243948170475,0.06139965561703818,0.06558963316880637,0.16874083492421532,0.08608985313094358,5000,0
y_y_y,4,ok,3.44652416507327,0.045568171863954135,0.005113792424990198,0.0359691829897493,0.04616085473265668,0.06240486277879054,0.06555280424556109,0.1679124641966003,0.08523118149618654,5000,0
y_y_y,5,ok,3.44652416507327,0.04463239457100625,0.004748152915649778,0.03541003921832903,0.045234669632836774,0.06108171047306115,0.06560534137457585,0.16546803519215814,0.08510107555002117,5000,0
y_y_y,6,ok,3.44652416507327,0.0452246372245844,0.005203632033372989,0.03659204634077438,0.04580426075933357,0.06199257097920315,0.06573964276103805,0.1678373896487228,0.08550712592798922,5000,0
y_y_y,7,ok,3.44652416507327,0.04466984334381104,0.005134074200162027,0.03597118622199559,0.04524710665944904,0.06124343440042908,0.06510665942569774,0.16561310934631338,0.08451339509542985,5000,0
y_y_y,8,ok,3.44652416507327,0.045673809060754,0.005275192547132273,0.036794316892049025,0.04624718611372982,0.06247729464367436,0.06542283439562473,0.1666699284058876,0.08596887872273667,5000,0
y_y_y,9,ok,3.44652416507327,0.044718100816818825,0.00467053400536929,0.035406036635681565,0.0452530102315858,0.061280478222044056,0.06547718070046184,0.16541612156747226,0.08450395854278597,5000,0
y_y_y,10,ok,3.44652416507327,0.04486537655469715,0.004776993710413045,0.036252649714126985,0.04549235173072604,0.06144233112648669,0.06596707051203675,0.16620438954348377,0.08550108321745349,5000,0
y_y_y,11,ok,3.44652416507327,0.04520036555614235,0.00505702013409395,0.038573995904055074,0.045831256660176393,0.06207592977397904,0.06587754797152813,0.1685350906519951,0.086666662988127,5000,0
y_y_y,12,ok,3.44652416507327,0.04523589371226618,0.005134646227388824,0.03741932232583616,0.04582667083209089,0.061956907849278174,0.06559292310596888,0.1692959316816244,0.08613199446997424,5000,0
y_y_y,13,ok,3.44652416507327,0.04555313286525394,0.0054528490483166095,0.037217179532442086,0.04620805719166007,0.06237840651406632,0.06517002702192022,0.16934945379749083,0.0864492830193791,5000,0
y_y_y,14,ok,3.44652416507327,0.045494773747144335,0.005068355602916054,0.037452990126395413,0.04608830103641293,0.06227184505154733,0.06575098326504918,0.1667698337911525,0.08597886194155942,5000,0
y_y_y,15,ok,3.44652416507327,0.04492008233262637,0.004892002458425999,0.037078966358144234,0.04548423876194812,0.06157306036095888,0.06576913164638731,0.1662447150872645,0.08570174897081224,5000,0
y_y_y,16,ok,3.44652416507327,0.04525772776085179,0.005208599738041918,0.03708055481383878,0.04591210583000116,0.061940815693116644,0.06509055802183689,0.16705570176070494,0.0856857662676808,5000,0
y_y_y,17,ok,3.44652416507327,0.045376304531715234,0.004954117696481805,0.03579298062270085,0.04595393688924082,0.06211896618525791,0.06581477142036615,0.16670069631259085,0.08538370281968358,5000,0
y_y_y,18,ok,3.44652416507327,0.045563781829057674,0.004861816394248325,0.03761726426235294,0.04608373047301536,0.06244763122630741,0.0654869578964831,0.16971207960742543,0.08646733231396568,5000,0
y_y_y,19,ok,3.44652416507327,0.04462583204750523,0.004822790435841652,0.03708888393194667,0.04518146101834297,0.061167175736580294,0.06562544614188144,0.1657818121629765,0.0848316819507386,5000,0
y_y_y,20,ok,3.44652416507327,0.04480506656515389,0.004815075621773898,0.03698235829961947,0.04536150947642544,0.06138681442849957,0.065659961196061,0.16659196379989832,0.08600523506763644,5000,0
y_y_y,21,ok,3.44652416507327,0.045035065996792245,0.005107010404936284,0.03604532386265155,0.04569727775292031,0.06174195387386451,0.06588802185177181,0.16765871452527736,0.08565499074411728,5000,0
y_y_y,22,ok,3.44652416507327,0.04483511424951514,0.004912084088272297,0.03587799144690453,0.04543253770813453,0.06148630082054676,0.06546869597483818,0.1647891054440113,0.08498300698133349,5000,0
y_y_y,23,ok,3.44652416507327,0.04543250125763964,0.005350731093646015,0.037888221618441166,0.04614238742838109,0.062269933282925925,0.06561546283699363,0.16919204759501924,0.08660855626433599,5000,0
y_y_y,24,ok,3.44652416507327,0.04493989442177729,0.004986805221601721,0.03696949174058531,0.04554268125877402,0.061607938085925094,0.06508189669086697,0.1671065820938429,0.08544040382558664,5000,0
y_y_y,25,ok,3.44652416507327,0.044991835563128725,0.0050248175690459475,0.03698546185664403,0.04560645352734936,0.061697873770761066,0.06568601536256036,0.1688918559165021,0.08571415808736703,5000,0
y_y_y,26,ok,3.44652416507327,0.044828169249387734,0.004792967504850163,0.03608832445907832,0.04538406321095173,0.06146914112108475,0.0657826795059866,0.167364021444972,0.08563478730017857,5000,0
y_y_y,27,ok,3.44652416507327,0.04510161458443763,0.004832151734569931,0.036980682649867674,0.04565911490266664,0.06177059061969327,0.06562038229592992,0.16561310934631338,0.085602420607651,5000,0
y_y_y,28,ok,3.44652416507327,0.045250592707743884,0.0050663634669450815,0.03631503474013866,0.04581403378908779,0.06200858831379355,0.06561844189243884,0.16815364123607066,0.08551264391185841,5000,0
y_y_y,29,ok,3.44652416507327,0.045155774158011364,0.0050541242700829665,0.035618962644594646,0.04569815030723132,0.06186182852088913,0.06507106121844591,0.167234768464441,0.08474074396703982,5000,0
z_z_z,0,ok,8.63102661547655,14.658063129695837,5397.025566049914,12.845023616388856,14.908761311972997,20.043582875638922,0.06754214910556791,17.387321213704404,21.655692932555347,5000,0
z_z_z,1,ok,8.63102661547655,14.539982900352811,5605.964285415545,12.210250107138595,14.756065164031149,19.74678633218173,0.06829642883278719,16.74886900457509,21.784315589450397,5000,0
z_z_z,2,ok,8.63102661547655,14.791151587731013,5704.095821173057,13.064566024263597,15.095693541754157,20.174057630987683,0.07033394894783915,17.66654345250543,21.98512993610152,5000,0
z_z_z,3,ok,8.63102661547655,14.194817551775198,5324.217874508284,11.604816154003249,14.355246597528186,19.248879091732057,0.07025889211669978,16.128282866609116,20.989472807396012,5000,0
z_z_z,4,ok,8.63102661547655,14.177142336225236,5141.611189520253,12.305052215195436,14.312638414506669,19.409681756926897,0.06996161217625632,16.26574035668401,20.930901150055917,5000,0
z_z_z,5,ok,8.63102661547655,13.326544353442056,4929.593974787474,10.49017883173891,13.53804949401583,18.20708117702325,0.06941521769206685,15.462345927224405,19.613198878635774,5000,0
z_z_z,6,ok,8.63102661547655,14.669757583268357,5912.6919604762315,12.026942570654866,15.000398388798471,20.141910024996598,0.06978902090527259,16.876308070068088,21.509477191603033,5000,0
z_z_z,7,ok,8.63102661547655,14.079862528896236,5171.251614128821,12.551294522247886,14.246926052298134,19.18895479689898,0.06759127912179388,17.403633088788244,21.01233410645923,5000,0
z_z_z,8,ok,8.63102661547655,14.892051715218527,5817.818804780295,12.537875479840181,15.193165877662453,20.337317992160063,0.07087791910008798,17.31344787045366,23.585798440211178,5000,0
z_z_z,9,ok,8.63102661547655,14.324286019196729,5317.861685684394,11.525310432333146,14.515383351995691,19.51905943594983,0.07108672330922493,17.19653533497343,20.915897046825766,5000,0
z_z_z,10,ok,8.63102661547655,13.717074859552412,5095.033872873317,11.613457430572204,13.932137400875991,18.78300603475027,0.06879058956481657,16.671362254594207,19.981470633766566,5000,0
z_z_z,11,ok,8.63102661547655,14.469794950489728,5456.038435596921,12.806380286163533,14.763776322279393,19.71235425012978,0.07337948909470877,18.083564967280275,21.161113598106695,5000,0
z_z_z,12,ok,8.63102661547655,14.722726912809241,5777.357109349081,12.259410939686626,14.970926000415181,20.02796970800658,0.06889158754439922,18.03405776740616,21.804669399258287,5000,0
z_z_z,13,ok,8.63102661547655,15.148349328282032,6108.504031897673,12.033887275015461,15.403402641876875,20.630600502854726,0.07089506572904547,16.99226176247043,21.667104670539253,5000,0
z_z_z,14,ok,8.63102661547655,14.659469844167965,5524.673900276369,13.039072153590658,14.857148343619548,20.0685214993341,0.0681088520872786,18.526986699334195,20.89992818516647,5000,0
z_z_z,15,ok,8.63102661547655,14.578346636320921,5360.364869493305,12.290750537495976,14.773801242319262,19.85489012185613,0.07032979502650753,17.340393086387415,20.814190795615332,5000,0
z_z_z,16,ok,8.63102661547655,14.72298995469563,6016.7162008637915,11.488032871058024,15.028193014066375,20.012880907927375,0.06881526347842401,16.795496182976375,20.777609813896067,5000,0
z_z_z,17,ok,8.63102661547655,13.960779294657714,5184.1109348038335,11.565061401263184,14.139107170642383,19.108450551115506,0.0700870615673346,15.816996848835842,19.847045220570614,5000,0
z_z_z,18,ok,8.63102661547655,16.02483074571155,6097.014666103308,12.89449689980224,16.277915522627897,21.815583540375794,0.06873140268865469,19.716605829227937,24.091706564139987,5000,0
z_z_z,19,ok,8.63102661547655,14.450706841151748,5602.215818856293,11.966203087911543,14.73135612106417,19.67398406247036,0.06721576751029931,16.65315015265484,19.67079314185388,5000,0
z_z_z,20,ok,8.63102661547655,14.263911084611435,5543.772101363468,11.649153571605734,14.505548620677896,19.410306183299785,0.07025069143072016,17.419014036831292,21.67063859573697,5000,0
z_z_z,21,ok,8.63102661547655,13.237271504039187,5053.601307546976,10.977345654171751,13.499811249413495,18.035522339430827,0.0755735089435714,16.549160248506826,20.035797567444,5000,0
z_z_z,22,ok,8.63102661547655,13.67997321180044,5049.598686261919,11.588878868079124,13.86454120722506,18.750309211734805,0.06999271786779467,17.20837546184687,20.068066068143384,5000,0
z_z_z,23,ok,8.63102661547655,13.844882245900026,5235.936033799127,12.662410231966188,14.091315928294604,18.902939407137954,0.07276162192362112,16.893780222651127,20.21247011482012,5000,0
z_z_z,24,ok,8.63102661547655,13.163290412145038,4858.798260508217,11.934945916194984,13.388847869946591,17.939493878374428,0.07000802480860471,16.37944603264653,19.38684019787904,5000,0
z_z_z,25,ok,8.63102661547655,13.405082039700897,4748.790107769009,12.512319700184387,13.573411773317762,18.295252982091718,0.0745053828356205,16.7877199265333,20.24519867531336,5000,0
z_z_z,26,ok,8.63102661547655,13.127816064407781,4385.330429324764,10.746387370676665,13.311998072395893,17.947083014123933,0.06899595140317175,16.887134243002944,20.911759482438985,5000,0
z_z_z,27,ok,8.63102661547655,14.354922478095885,5648.412026601133,11.56054427904899,14.599843372528168,19.726991225416587,0.06837802889456401,17.16551356435553,20.860039192584598,5000,0
z_z_z,28,ok,8.63102661547655,14.001857809541582,5027.5375008132605,11.90693947062887,14.224943544630694,19.136342746716302,0.07082170981106227,16.632365557089194,21.083774185724206,5000,0
z_z_z,29,ok,8.63102661547655,14.308759883148811,5274.537145414406,12.206862001697377,14.509206157365371,19.468928431700338,0.06937933304993812,17.34006090288576,21.59905723501679,5000,0
y_z_y,0,ok,55.35812478627792,4.931327003372728,403.3899990546485,5.007770765987763,5.076599235728581,5.919344919816829,0.06613814071429581,0.9645502185663261,0.5556720516006831,5000,0
y_z_y,1,ok,55.35812478627792,4.699914125613944,390.3585918371483,4.6583020017420225,4.839648416156827,5.626399438075116,0.06437220906501309,0.9404144108891709,0.5518032378377778,5000,0
y_z_y,2,ok,55.35812478627792,4.992674754926454,415.08230963127653,5.03505810377539,5.144476963072397,5.979698357922738,0.06683399681859153,0.965626827099827,0.5617841260742223,5000,0
y_z_y,3,ok,55.35812478627792,4.5921669249955945,380.8902590221506,4.740975153581682,4.737329953869112,5.516518663654906,0.06569902475763076,0.8925473645811087,0.5344889637722269,5000,0
y_z_y,4,ok,55.35812478627792,4.558999197117155,366.9490206106487,4.689680222755708,4.677846909876584,5.456837753707143,0.06569948303435288,0.8647030584233442,0.5337716346130993,5000,0
y_z_y,5,ok,55.35812478627792,4.418634645781202,366.26704201693286,4.50610548327703,4.550471679630966,5.284302452387925,0.0665941573389778,0.8579399784750262,0.5264866460434342,5000,0
y_z_y,6,ok,55.35812478627792,4.602541383173738,374.1322585385334,4.558211710282598,4.732825326845087,5.526970621370875,0.06633646116847391,0.9160319590758386,0.5477512106950735,5000,0
y_z_y,7,ok,55.35812478627792,4.801671199752214,398.59047526103865,4.820501576702701,4.946140376151024,5.748629191869892,0.06585271803486142,0.9334342686853536,0.5437159168112751,5000,0
y_z_y,8,ok,55.35812478627792,4.836880546071412,398.45824709453393,4.757065676724224,4.9817672404427995,5.808030993179507,0.06631204222160927,0.9790121615511425,0.5767793284342789,5000,0
y_z_y,9,ok,55.35812478627792,4.652018790019262,378.3159578644112,4.711546373328662,4.785136772925776,5.581352369399303,0.06585371772782445,0.9457239185865318,0.5496839040009185,5000,0
y_z_y,10,ok,55.35812478627792,4.616268761290244,385.26324798675284,4.756130949474602,4.758882064584829,5.539678389342037,0.06686667492460988,0.9025383525885217,0.5302069522101565,5000,0
y_z_y,11,ok,55.35812478627792,4.66743257465949,382.78238816277474,4.725367401149285,4.7999624261759255,5.591259355676738,0.06653723823136215,0.9558229794426463,0.5442743926972083,5000,0
y_z_y,12,ok,55.35812478627792,5.032861442802232,419.7224821322972,5.0443644598013755,5.176084917732325,6.017355247918222,0.06567955017115837,0.9514864626118684,0.5585580127595907,5000,0
y_z_y,13,ok,55.35812478627792,4.8900521846886305,417.94020899163706,4.886754075846945,5.0330066745896485,5.8611798696258175,0.066136595282836,0.9497283122547487,0.5544762174024732,5000,0
y_z_y,14,ok,55.35812478627792,4.811847498354359,391.13116565204353,4.782435164251884,4.950483704663347,5.762642788773746,0.06627884425033065,0.9632276310724948,0.5448192766012918,5000,0
y_z_y,15,ok,55.35812478627792,4.873633530747944,401.26260457580497,4.908919263039259,5.015612664366103,5.817996910959917,0.06604194266395233,0.9591925954770492,0.5420737153105549,5000,0
y_z_y,16,ok,55.35812478627792,4.753738461692484,395.0031214559246,4.716754936183321,4.893976840264823,5.677631065161294,0.06614049363691518,0.9019943101962957,0.53861337839814,5000,0
y_z_y,17,ok,55.35812478627792,4.498680297671918,371.87150822968874,4.548300677312146,4.637197390580272,5.381588524891362,0.0660626734562863,0.8647636547626864,0.5305707621471283,5000,0
y_z_y,18,ok,55.35812478627792,5.225603841642097,437.8265128034407,5.365487285077044,5.3797266657480245,6.274522177058517,0.06584413413050938,0.9985052865422991,0.599052381039811,5000,0
y_z_y,19,ok,55.35812478627792,4.6012756370379835,377.1245361279098,4.613269544194118,4.730048692192593,5.50805684564901,0.06563411685285472,0.9016313206620207,0.5144529486268608,5000,0
y_z_y,20,ok,55.35812478627792,4.832070651684764,405.3321188562128,4.871171838970909,4.982326260177649,5.796938947589473,0.06688351965598811,0.9431653208719415,0.5521902591680309,5000,0
y_z_y,21,ok,55.35812478627792,4.549967105798365,375.84782244452816,4.531584469187071,4.682640297062929,5.439507911558439,0.06698647713469436,0.9245044816665601,0.5183250930294374,5000,0
y_z_y,22,ok,55.35812478627792,4.620827033516133,376.8200128578215,4.64338661395427,4.75149817691586,5.540540025066769,0.06623455025223647,0.9447973391953766,0.535897269677672,5000,0
y_z_y,23,ok,55.35812478627792,4.849096824644394,405.5998965943517,4.841853051081697,4.997710694932896,5.784317894675374,0.06648681450173866,0.9214502793082993,0.5404994289097512,5000,0
y_z_y,24,ok,55.35812478627792,4.402145277086544,351.72560978723413,4.34632515832453,4.527512656579411,5.270995658414223,0.06621057132537454,0.8962651699343167,0.5161383582650833,5000,0
y_z_y,25,ok,55.35812478627792,4.436490061229688,361.62739662008784,4.589605824764633,4.559630721043126,5.337589818705138,0.0667066895466735,0.8958428128168988,0.5238198217913199,5000,0
y_z_y,26,ok,55.35812478627792,4.707385138441046,380.1626819987245,4.805528287762074,4.847105586162693,5.628869294063219,0.06572135748059521,0.9557117911796602,0.5489662951480574,5000,0
y_z_y,27,ok,55.35812478627792,4.583248724146126,369.3264565122308,4.596122539260217,4.708756097710281,5.505961042462257,0.06590662270417325,0.9238761601240931,0.5338010771367593,5000,0
y_z_y,28,ok,55.35812478627792,4.624753745021818,372.9089733597423,4.537182069789543,4.748929409191807,5.54154603684873,0.06583874533955636,0.9431653208719415,0.5470507093853636,5000,0
y_z_y,29,ok,55.35812478627792,4.714865073489533,385.71960503178656,4.717524034131062,4.84404608282408,5.639917658030583,0.06503046327121767,0.9376402818618119,0.5557879318743364,5000,0
x_y_x,0,ok,3.59683741956817,0.04630272537453829,0.005488130089934236,0.0371461534332015,0.04696889153738607,0.06343746789969898,0.06568357347985454,0.17019455678293402,0.08688883144831706,5000,0
x_y_x,1,ok,3.59683741956817,0.04554305081362839,0.0051608322069585785,0.03679758604262023,0.04613632477296396,0.06238822764882607,0.06482321830851598,0.16932181598464202,0.0861014506294174,5000,0
x_y_x,2,ok,3.59683741956817,0.045549080945159304,0.005282446543254916,0.03825739168385259,0.046141418033956855,0.062437526081222106,0.06567176033604025,0.16949737634852016,0.08722623622511529,5000,0
x_y_x,3,ok,3.59683741956817,0.04511140946506111,0.004923551091749502,0.037714187562586786,0.045713100708131525,0.06179695852586713,0.06564823098858413,0.16835918341876133,0.08666541694791995,5000,0
x_y_x,4,ok,3.59683741956817,0.04568142040574032,0.005002106881484809,0.036413923803954584,0.04623528878477861,0.06258616431380884,0.06558664925530146,0.16706117253935904,0.08580179717282288,5000,0
x_y_x,5,ok,3.59683741956817,0.044720249617894295,0.004624148842962258,0.03587569397396195,0.045284256722413097,0.06122957699450128,0.06573233831348278,0.1647545691659773,0.08573021790045106,5000,0
x_y_x,6,ok,3.59683741956817,0.04531698154931336,0.005018614000308621,0.03700229936443459,0.04587822830425854,0.062156184063522094,0.06577209393219782,0.168155668500921,0.0861651490756506,5000,0
x_y_x,7,ok,3.59683741956817,0.04496300789707234,0.005261571514771495,0.036144566538915915,0.045549490091035726,0.06165081327952927,0.06526539794355671,0.1649067933827884,0.08517044521374194,5000,0
x_y_x,8,ok,3.59683741956817,0.04629292168535462,0.005911673929571255,0.036729609841659815,0.04695418572346743,0.0633036895753148,0.06564096611049648,0.165729494250074,0.08663169667579002,5000,0
x_y_x,9,ok,3.59683741956817,0.04527912068419178,0.0052204880164811625,0.03539074659407334,0.04591112764950328,0.06206980752119016,0.06540519810409359,0.16411449172482648,0.08508734096676879,5000,0
x_y_x,10,ok,3.59683741956817,0.04508766686053209,0.004803437040063881,0.03650082851612686,0.045730112883425045,0.06177842699670514,0.0663125614944239,0.16519226948372356,0.08608312338484653,5000,0
x_y_x,11,ok,3.59683741956817,0.045471603847889855,0.005179704263752552,0.03887756771184938,0.04614076640994367,0.062481745421414096,0.06602728144813115,0.1676028284498393,0.08730029864086349,5000,0
x_y_x,12,ok,3.59683741956817,0.04546308652337248,0.0052521116073552575,0.03777114375203579,0.04609557309720686,0.06229339051919357,0.06560958219723328,0.16845203349909016,0.08679926381171606,5000,0
x_y_x,13,ok,3.59683741956817,0.04575823419364059,0.005474483779889117,0.037444626874565574,0.04637502919034705,0.06260846381473134,0.06526860049497944,0.16952906859810016,0.08711908677224797,5000,0
x_y_x,14,ok,3.59683741956817,0.045640308763749575,0.004945570962362139,0.037896490955455026,0.046235567688718934,0.06253367514271838,0.06581067482067215,0.16637788871101708,0.08669154339154948,5000,0
x_y_x,15,ok,3.59683741956817,0.045169426518230325,0.004979343192875556,0.037418895842514246,0.04572328371363888,0.061904526338619245,0.06593166951981203,0.1659067507641466,0.08633623882582245,5000,0
x_y_x,16,ok,3.59683741956817,0.04523052032665223,0.0049654997531959014,0.03753020206061729,0.04586543289076814,0.06201198344647366,0.06517956241948952,0.1668579898652573,0.08641430037448355,5000,0
x_y_x,17,ok,3.59683741956817,0.04567967982538099,0.005135276601783554,0.03610831465830816,0.0462600393628265,0.062499545980476,0.06607582405266252,0.167010403979437,0.08600403215411997,5000,0
x_y_x,18,ok,3.59683741956817,0.045773703791296666,0.004915333642803736,0.0379781176701875,0.046301387930822335,0.06276556343342721,0.06564397240653685,0.1700831234997586,0.0871488300021879,5000,0
x_y_x,19,ok,3.59683741956817,0.044959144612375074,0.004927368619471666,0.037341638714139994,0.04549632551115385,0.061571933244974876,0.06578033393708974,0.16526807343228808,0.08547138780920638,5000,0
x_y_x,20,ok,3.59683741956817,0.04500523165848912,0.004796546828312532,0.037396310290839306,0.04557207188418245,0.06167767333706806,0.0657558932554925,0.1663206864723493,0.08666083904623657,5000,0
x_y_x,21,ok,3.59683741956817,0.04492006097700217,0.004643365718594269,0.0367093761436241,0.04549785193284625,0.061583174451635865,0.06601662950318378,0.1672862166844252,0.08635902412218775,5000,0
x_y_x,22,ok,3.59683741956817,0.04517372076201909,0.0050313421417433404,0.03608209811119419,0.04578903196877718,0.0619190932662558,0.0657874825911268,0.1639375810439268,0.08569166425728653,5000,0
x_y_x,23,ok,3.59683741956817,0.04562151372016994,0.005249418014282477,0.0382344982138312,0.04630426391399357,0.06250979418028349,0.06575309304931953,0.16975154344059915,0.08733054699908875,5000,0
x_y_x,24,ok,3.59683741956817,0.0451637825969824,0.005021466940644747,0.037340452842338355,0.04577931677191845,0.06194842971422031,0.06521405161711372,0.16706744401536974,0.08608424314938486,5000,0
x_y_x,25,ok,3.59683741956817,0.0452580122849282,0.0052109025448118145,0.037317805097408945,0.04589057329205687,0.062086281847712976,0.06578219058394547,0.1685641108806915,0.0863488657189454,5000,0
x_y_x,26,ok,3.59683741956817,0.04526307076943764,0.005079004023099816,0.036268950577736235,0.04583302552891581,0.06202681768211001,0.06595022890797103,0.16744078619856204,0.08616509490824625,5000,0
x_y_x,27,ok,3.59683741956817,0.04534238717568915,0.0048984999355305816,0.037313536641206756,0.045915204480017104,0.06213227289103475,0.06593511158734838,0.16485768306099732,0.08627344372812086,5000,0
x_y_x,28,ok,3.59683741956817,0.04553006541769909,0.0051070615633162265,0.036597264038186424,0.04606990777286024,0.062352745876001904,0.06573095273613139,0.16828953224329107,0.08622119159918396,5000,0
x_y_x,29,ok,3.59683741956817,0.045251785376963484,0.004898672430657526,0.03608534898868776,0.04576786228267891,0.062020546233510325,0.06504269267568724,0.16680037546923077,0.08540647235567064,5000,0
x_y_y,0,rank_deficient,inf,nan,nan,nan,nan,nan,nan,nan,nan,0,nan
x_y_y,1,rank_deficient,inf,nan,nan,nan,nan,nan,nan,nan,nan,0,nan
x_y_y,2,rank_deficient,inf,nan,nan,nan,nan,nan,nan,nan,nan,0,nan
x_y_y,3,rank_deficient,inf,nan,nan,nan,nan,nan,nan,nan,nan,0,nan
x_y_y,4,rank_deficient,inf,nan,nan,nan,nan,nan,nan,nan,nan,0,nan
x_y_y,5,rank_deficient,inf,nan,nan,nan,nan,nan,nan,nan,nan,0,nan
x_y_y,6,rank_deficient,inf,nan,nan,nan,nan,nan,nan,nan,nan,0,nan
x_y_y,7,rank_deficient,inf,nan,nan,nan,nan,nan,nan,nan,nan,0,nan
x_y_y,8,rank_deficient,inf,nan,nan,nan,nan,nan,nan,nan,nan,0,nan
x_y_y,9,rank_deficient,inf,nan,nan,nan,nan,nan,nan,nan,nan,0,nan
x_y_y,10,rank_deficient,inf,nan,nan,nan,nan,nan,nan,nan,nan,0,nan
x_y_y,11,rank_deficient,inf,nan,nan,nan,nan,nan,nan,nan,nan,0,nan
x_y_y,12,rank_deficient,inf,nan,nan,nan,nan,nan,nan,nan,nan,0,nan
x_y_y,13,rank_deficient,inf,nan,nan,nan,nan,nan,nan,nan,nan,0,nan
x_y_y,14,rank_deficient,inf,nan,nan,nan,nan,nan,nan,nan,nan,0,nan
x_y_y,15,rank_deficient,inf,nan,nan,nan,nan,nan,nan,nan,nan,0,nan
x_y_y,16,rank_deficient,inf,nan,nan,nan,nan,nan,nan,nan,nan,0,nan
x_y_y,17,rank_deficient,inf,nan,nan,nan,nan,nan,nan,nan,nan,0,nan
x_y_y,18,rank_deficient,inf,nan,nan,nan,nan,nan,nan,nan,nan,0,nan
x_y_y,19,rank_deficient,inf,nan,nan,nan,nan,nan,nan,nan,nan,0,nan
x_y_y,20,rank_deficient,inf,nan,nan,nan,nan,nan,nan,nan,nan,0,nan
x_y_y,21,rank_deficient,inf,nan,nan,nan,nan,nan,nan,nan,nan,0,nan
x_y_y,22,rank_deficient,inf,nan,nan,nan,nan,nan,nan,nan,nan,0,nan
x_y_y,23,rank_deficient,inf,nan,nan,nan,nan,nan,nan,nan,nan,0,nan
x_y_y,24,rank_deficient,inf,nan,nan,nan,nan,nan,nan,nan,nan,0,nan
x_y_y,25,rank_deficient,inf,nan,nan,nan,nan,nan,nan,nan,nan,0,nan
x_y_y,26,rank_deficient,inf,nan,nan,nan,nan,nan,nan,nan,nan,0,nan
x_y_y,27,rank_deficient,inf,nan,nan,nan,nan,nan,nan,nan,nan,0,nan
x_y_y,28,rank_deficient,inf,nan,nan,nan,nan,nan,nan,nan,nan,0,nan
x_y_y,29,rank_deficient,inf,nan,nan,nan,nan,nan,nan,nan,nan,0,nan
y_z_z,0,ok,260.96036125676517,12.42583802667306,5387.860896909735,12.803084373907675,13.397218462882174,17.720057167941334,0.08349907115300392,8.541123748984651,7.291666485003755,5000,0
y_z_z,1,ok,260.96036125676517,12.00378354646877,5348.502133946171,12.500825078226034,12.98735573920482,17.084723157468183,0.07799705130518735,7.62032799036594,7.160030873426536,5000,0
y_z_z,2,ok,260.96036125676517,12.088973818810247,5020.347915668203,13.360815883914835,13.003892259586301,17.2064905738841,0.08518658142549188,8.540439210547605,7.219644044594778,5000,0
y_z_z,3,ok,260.96036125676517,11.869554912123727,4932.367246826721,12.63927091898546,12.703353673352549,16.91001734566006,0.08332927347899005,6.9075303069982645,6.820309497995992,5000,0
y_z_z,4,ok,260.96036125676517,12.038071487467166,5014.349775948453,12.536680865806996,12.881527874240788,17.091130384132963,0.0813802642397734,7.50086568863925,7.014039239608489,5000,0
y_z_z,5,ok,260.96036125676517,11.333214904647686,4937.830564844444,11.126815497988133,12.126115304514583,16.13933769366545,0.08354699918804401,6.797377541681795,6.364972624581027,5000,0
y_z_z,6,ok,260.96036125676517,12.372455196985134,5627.2604524923545,13.664008798794178,13.32926777094375,17.613622751860138,0.08218128740067726,8.124565074262625,7.085679487373851,5000,0
y_z_z,7,ok,260.96036125676517,12.039083166435313,5248.942796809511,12.227336555498677,12.934167707000269,17.109415645688056,0.07702424004261721,8.210810369177647,7.006625116314643,5000,0
y_z_z,8,ok,260.96036125676517,12.9105934815167,5768.1117017655715,13.323566781813328,13.98393463795913,18.38554772777801,0.08308256976479629,8.504792202209888,7.625656973627728,5000,0
y_z_z,9,ok,260.96036125676517,11.9987526495458,5037.409051046027,11.683065711119376,12.886534327033607,17.107245414128425,0.08317760194141025,8.381765498414095,7.075473200594044,5000,0
y_z_z,10,ok,260.96036125676517,11.711791174031427,4997.356262533532,11.807967224020276,12.542629670316757,16.691939613314734,0.08273728842815876,7.8236057043007605,6.676709298951365,5000,0
y_z_z,11,ok,260.96036125676517,12.052770300372346,4967.030315377956,12.996799298030156,12.971798847546252,17.17048187771763,0.08851856388711835,8.886030541151287,6.836798356705778,5000,0
y_z_z,12,ok,260.96036125676517,11.951611637641156,5022.317494968784,12.91457452257512,12.875476281434741,17.05818747802695,0.07948852750109062,8.95503888909521,7.347158871858596,5000,0
y_z_z,13,ok,260.96036125676517,12.61899208524574,5321.292767267282,12.459863819737308,13.523415432173264,17.94350926219521,0.0845274285948174,7.79597502506561,7.03743808088472,5000,0
y_z_z,14,ok,260.96036125676517,12.889950694809789,5898.124979260895,13.573566651746619,13.880226845051098,18.384824184727517,0.07948297085279052,8.783135890586678,7.006855991098177,5000,0
y_z_z,15,ok,260.96036125676517,12.368406558939043,5170.073759825599,12.50683831630786,13.282799907597823,17.559023725263028,0.08177956225079641,8.348250034257982,6.914244526970541,5000,0
y_z_z,16,ok,260.96036125676517,12.121363479113954,5293.244160053446,13.262641572638634,13.10876565829026,17.287081771270056,0.08059627651118592,7.618950565855725,6.848205313017493,5000,0
y_z_z,17,ok,260.96036125676517,11.9612040712851,5366.789089172317,11.884108027617671,12.832423180515447,17.012950312660642,0.08322339220654655,6.55806656631311,6.746875972288186,5000,0
y_z_z,18,ok,260.96036125676517,13.593198706145447,5929.141079737535,14.299429773364082,14.595576264113266,19.322132109847715,0.08117713039942973,9.879334714102427,7.809519987342335,5000,0
y_z_z,19,ok,260.96036125676517,11.791340159730273,5107.012238908787,12.819903215384869,12.676190554752878,16.83573866298277,0.08149730951327554,7.619499303361873,6.484244399673108,5000,0
y_z_z,20,ok,260.96036125676517,11.929287108870177,5140.501700227002,12.783568713195825,12.9223556238238,17.012639249035356,0.08459622372614561,8.381765498414095,7.175582552440607,5000,0
y_z_z,21,ok,260.96036125676517,11.024759201748138,4625.573238802199,12.052409845238834,11.915585674265131,15.732859277483684,0.08950604583146507,7.569656200220771,6.6180070483397895,5000,0
y_z_z,22,ok,260.96036125676517,11.766939763541458,4884.692597227256,11.595768382994777,12.608025052600752,16.720939443699006,0.0826256083326096,8.069543450489986,6.801613202195897,5000,0
y_z_z,23,ok,260.96036125676517,11.424708455451993,4516.276978577333,12.722350701265174,12.22087100308635,16.279276843480364,0.08474560843188338,8.199577993483524,6.843967973770361,5000,0
y_z_z,24,ok,260.96036125676517,10.826360968500648,4606.576537469024,11.84109467124523,11.677731520861055,15.46544084933605,0.08527535378275529,7.595605416756471,6.660892513967867,5000,0
y_z_z,25,ok,260.96036125676517,11.925968590991813,5226.554323449888,12.079602843555316,12.815152021593482,16.96665535610031,0.08707550961779975,7.577855319907622,6.755602560517993,5000,0
y_z_z,26,ok,260.96036125676517,11.080632905637737,4432.408246670967,10.606604732851387,11.923488784882244,15.807942750356347,0.08332789091778531,7.993681652161155,7.080377919654426,5000,0
y_z_z,27,ok,260.96036125676517,11.947029104682386,4923.501214953402,13.209312423463265,12.784762854329927,16.985284832379552,0.08028558056431295,8.426569067499862,7.0672087662334775,5000,0
y_z_z,28,ok,260.96036125676517,12.082550670167178,5232.132336751628,12.632334655207977,13.011210543453918,17.198381444931314,0.08465833881372517,8.071538049873205,7.177297542148785,5000,0
y_z_z,29,ok,260.96036125676517,12.11728908271931,5327.252109645864,12.76187125341106,13.085799331525742,17.351602736700627,0.08062216871087168,8.29788243002715,7.328943819863236,5000,0
x_z_z,0,ok,281.2859780300304,12.473480962417828,5388.978828695463,12.870294093212145,13.452614031297115,17.7812556025439,0.06984773555488372,8.541060784844237,7.263172393302128,5000,0
x_z_z,1,ok,281.2859780300304,12.050812920035296,5349.472184436839,12.570495504594529,13.043140441305562,17.14609273577963,0.0690139102834908,7.620780619400334,7.131373818244564,5000,0
x_z_z,2,ok,281.2859780300304,12.135587300411041,5021.255097420238,13.427911188857607,13.060199560215109,17.268179160503582,0.07029332919610759,8.523361975592632,7.191343356559021,5000,0
x_z_z,3,ok,281.2859780300304,11.911525071299486,4933.2549985199885,12.696598837876575,12.7543510337748,16.967392497051506,0.0703468653765004,6.8807223055882805,6.792162973861631,5000,0
x_z_z,4,ok,281.2859780300304,12.084523722753268,5015.329313449708,12.604661885248559,12.937026676317958,17.152527021727245,0.06877699577488697,7.498732414023936,6.984679017876548,5000,0
x_z_z,5,ok,281.2859780300304,11.381640195646035,4938.802074151087,11.197073579320039,12.183756937127074,16.202145839949697,0.07202886297355192,6.796620345534865,6.335990164004307,5000,0
x_z_z,6,ok,281.2859780300304,12.420487080328792,5628.238782443742,13.732093448531982,13.386366797029664,17.677063515330182,0.0700555296420024,8.123601331027837,7.058043796706974,5000,0
x_z_z,7,ok,281.2859780300304,12.086038795777494,5249.955663830019,12.293063953298866,12.99216338129643,17.171772282435214,0.06814216525201883,8.19980548961256,6.978675876690101,5000,0
x_z_z,8,ok,281.2859780300304,12.963979347808753,5769.171121996393,13.401757739899933,14.04601816485207,18.45339566898486,0.07132401614230408,8.50525871369654,7.596662434531656,5000,0
x_z_z,9,ok,281.2859780300304,12.041902135423891,5038.359481195847,11.743407526305647,12.938158249520693,17.16461373849107,0.07099303188549554,8.381895968873481,7.045888669235817,5000,0
x_z_z,10,ok,281.2859780300304,11.753229753448288,4998.143744891223,11.864198240147893,12.591187148656381,16.745353155027832,0.0719246261501316,7.818471127636348,6.648577376495011,5000,0
x_z_z,11,ok,281.2859780300304,12.097291940158595,4968.0059354105315,13.059891547129883,13.025924634013819,17.231124752762057,0.07359789285340088,8.886143754575063,6.807024040132386,5000,0
x_z_z,12,ok,281.2859780300304,11.99976210745666,5023.348528482051,12.981666146502976,12.933370549208089,17.12047727047488,0.0695427226651451,8.955375187291796,7.31996068428645,5000,0
x_z_z,13,ok,281.2859780300304,12.666942833751307,5322.415839382027,12.526766283504424,13.579328264222443,18.005494952875235,0.07074104066016364,7.7944038947702925,7.00901778548974,5000,0
x_z_z,14,ok,281.2859780300304,12.937796952666188,5899.254352692938,13.641621290149306,13.936756290353642,18.446933880752184,0.06950883373402958,8.772053436060371,6.979871354878318,5000,0
x_z_z,15,ok,281.2859780300304,12.417476081984436,5171.105886072416,12.579566792529825,13.342098556318891,17.62424791559689,0.0698428469396029,8.348158356250291,6.8844702133412445,5000,0
x_z_z,16,ok,281.2859780300304,12.170226587256233,5294.4640687442925,13.32943149357732,13.166917837528151,17.35159453698021,0.0702873871204851,7.620368003159223,6.820602898120118,5000,0
x_z_z,17,ok,281.2859780300304,12.008877347405235,5367.90329019216,11.95327978855032,12.889906696556126,17.07635546973157,0.07029149801468867,6.544231452611511,6.717327606482571,5000,0
x_z_z,18,ok,281.2859780300304,13.645709662693482,5930.312541974449,14.370649810833111,14.657110938116695,19.38962190160238,0.07064350429577196,9.87942900028582,7.781260900132133,5000,0
x_z_z,19,ok,281.2859780300304,11.837170963563757,5107.932012932791,12.880406640247969,12.731132578926726,16.894894107077207,0.06815743804500976,7.616134688818051,6.455659610450676,5000,0
x_z_z,20,ok,281.2859780300304,11.974443694443028,5141.587787511322,12.845489377884736,12.976266056931939,17.073147555862928,0.0698646976668081,8.381895968873481,7.147630310884089,5000,0
x_z_z,21,ok,281.2859780300304,11.07921521302232,4626.814285012338,12.131454061306034,11.979803779241015,15.80326621035659,0.07286145565228813,7.5695692824949345,6.589779134489855,5000,0
x_z_z,22,ok,281.2859780300304,11.812996082268016,4885.6172608935085,11.66327276663861,12.66188121286658,16.780323921365966,0.07178162823875517,8.057981117759288,6.773188745483634,5000,0
x_z_z,23,ok,281.2859780300304,11.477962190124511,4517.44900241178,12.79700807451763,12.283614453239062,16.348017797263203,0.07222860493275984,8.196215103965693,6.814884906200183,5000,0
x_z_z,24,ok,281.2859780300304,10.873693525211959,4607.463135288018,11.910148465028911,11.735091207290724,15.528325075981217,0.07226034698699155,7.596224595790293,6.630919834982895,5000,0
x_z_z,25,ok,281.2859780300304,11.978302822237001,5227.555545992409,12.147282374261803,12.877513698874889,17.0363331383702,0.0735639022016618,7.577112966969182,6.724939258318285,5000,0
x_z_z,26,ok,281.2859780300304,11.129374223817464,4433.580966649762,10.672365916337371,11.982772396944801,15.873180138804019,0.07098010317268719,7.991233299664696,7.051524147590858,5000,0
x_z_z,27,ok,281.2859780300304,11.992157660117417,4924.337476770591,13.275372660808713,12.838876820957905,17.043212272058376,0.07013747048631713,8.421730349849812,7.040330882649235,5000,0
x_z_z,28,ok,281.2859780300304,12.12634336863137,5233.029448856987,12.702652376082543,13.063782699619114,17.254978782979208,0.07197893397515492,8.076332261310233,7.148911671593995,5000,0
x_z_z,29,ok,281.2859780300304,12.1644871314285,5328.289294987917,12.828431482030474,13.141287728248502,17.412051634194732,0.07027323937180162,8.266051885549182,7.301793130863426,5000,0
x_z_x,0,ok,64.42712473872167,4.919833336555325,402.86744095352014,4.980379915717469,5.067130684210587,5.910569368265031,0.06317747037044263,0.9528068187354317,0.5513081693491526,5000,0
x_z_x,1,ok,64.42712473872167,4.694093403310155,390.18852617290366,4.6382619895165975,4.836250339005918,5.622222676117023,0.061239042535805546,0.9121086606258533,0.5471487053020765,5000,0
x_z_x,2,ok,64.42712473872167,4.988608218371739,414.93036860213374,5.013363021510841,5.1405595821194465,5.975826169551613,0.06384552091562964,0.9463265029101634,0.5575369841122358,5000,0
x_z_x,3,ok,64.42712473872167,4.5849271792227455,380.57925650298523,4.7219003025028305,4.7314629814162785,5.510101057285957,0.06252792857983218,0.8844481015422533,0.5300508581938055,5000,0
x_z_x,4,ok,64.42712473872167,4.555829692289454,366.9450893596785,4.669184278653703,4.676058441712909,5.454607599276906,0.062315835069073094,0.8613802272671809,0.5293203298735228,5000,0
x_z_x,5,ok,64.42712473872167,4.4113598153711635,365.9014492917134,4.485643830640899,4.544317071535722,5.278242994564533,0.06374457746845372,0.846022330963146,0.5220422886095035,5000,0
x_z_x,6,ok,64.42712473872167,4.596526598597281,373.92423848884243,4.535095888623124,4.72820462453317,5.522401562278092,0.06275188552858466,0.9030469941337269,0.543318491228162,5000,0
x_z_x,7,ok,64.42712473872167,4.796318767918635,398.24037925922016,4.797139911210196,4.940429637120249,5.7434615664645285,0.06235472793273404,0.9236302195768783,0.5390859372754477,5000,0
x_z_x,8,ok,64.42712473872167,4.827365840225215,398.0479166587445,4.7332182949112935,4.972469390208208,5.798857490433296,0.06352301966471317,0.966496563123898,0.5722464194249747,5000,0
x_z_x,9,ok,64.42712473872167,4.645775951812035,378.00648248649446,4.691524185642356,4.779821786164682,5.57565291787187,0.06246513284529041,0.9262324756885008,0.5450590435047649,5000,0
x_z_x,10,ok,64.42712473872167,4.611374349778317,385.1559282229822,4.738105297602681,4.754894923060224,5.5358291976827045,0.0633514084816094,0.8917310766490442,0.5255803465444672,5000,0
x_z_x,11,ok,64.42712473872167,4.663383596557284,382.5946637067953,4.708307839596381,4.795601528557539,5.586264260021898,0.06381366283072312,0.9411199368129057,0.5395783992051434,5000,0
x_z_x,12,ok,64.42712473872167,5.024461290019785,419.41519283386396,5.0228630834034655,5.169371406379498,6.009766467398696,0.06247008565713302,0.9431159564605975,0.5543017254344148,5000,0
x_z_x,13,ok,64.42712473872167,4.882663770544764,417.6624804354457,4.859629175232806,5.027166105339929,5.855184076283606,0.0628196547445337,0.9382858360524285,0.5497361144428172,5000,0
x_z_x,14,ok,64.42712473872167,4.804672186337002,390.90109413098253,4.760304784748876,4.946379897602819,5.758588241448157,0.06292206290269287,0.9536223271415785,0.5402372261676123,5000,0
x_z_x,15,ok,64.42712473872167,4.865289636149939,400.84950179851705,4.881678734244607,5.0088831364052355,5.811462401573656,0.06294884291288502,0.9455489347460491,0.5376310419003852,5000,0
x_z_x,16,ok,64.42712473872167,4.748005094009194,394.7896885039769,4.698518196545319,4.889685541758416,5.673168243756169,0.06273436010202191,0.893905768920026,0.5344951240192741,5000,0
x_z_x,17,ok,64.42712473872167,4.491319942270151,371.6162159454754,4.5310182220940725,4.6328143682662315,5.376006741473325,0.06284576684656201,0.8552038913120937,0.5262615026367659,5000,0
x_z_x,18,ok,64.42712473872167,5.214261868691164,437.2679639432523,5.340533303384285,5.371994648228851,6.266220505871171,0.06267845314627014,0.9756949185007843,0.5945068659842024,5000,0
x_z_x,19,ok,64.42712473872167,4.597895820804758,376.90988064474016,4.599258496163204,4.727321640305439,5.5057898518580926,0.06208839298807576,0.8921614375439847,0.5102526578772789,5000,0
x_z_x,20,ok,64.42712473872167,4.824412338040364,404.858773974894,4.853261121206993,4.973587572337762,5.788026277116915,0.06397458622809597,0.9285380876487757,0.5476383477592706,5000,0
x_z_x,21,ok,64.42712473872167,4.544510340218945,375.6847820806846,4.513172887846241,4.677747970788314,5.434482786407891,0.06393088306688631,0.9067347805100564,0.5135936510137039,5000,0
x_z_x,22,ok,64.42712473872167,4.614563013914657,376.5653296948612,4.6211783929453825,4.747213761352752,5.536041659624147,0.06353088579137298,0.939565626137662,0.5311318918908688,5000,0
x_z_x,23,ok,64.42712473872167,4.837818339158535,405.25324742716197,4.817005193907523,4.990364556551825,5.776707739516912,0.06317553204958899,0.9082155942973054,0.5362363303438497,5000,0
x_z_x,24,ok,64.42712473872167,4.3959039812713625,351.48676344305636,4.326392502593,4.521910026751031,5.265500333679479,0.06300769375329413,0.8898399171435497,0.5117695001718865,5000,0
x_z_x,25,ok,64.42712473872167,4.427529060720392,361.26926767921486,4.568734518783569,4.553506736588361,5.331288342297319,0.06370725560013024,0.8892952758750718,0.5191532131687779,5000,0
x_z_x,26,ok,64.42712473872167,4.700134834409843,379.83776360362293,4.78028244441284,4.841515778479672,5.623183648700926,0.06298240478601197,0.9417323096896479,0.5447705653636685,5000,0
x_z_x,27,ok,64.42712473872167,4.573286745184381,368.9521101492475,4.569427752251921,4.701601181933181,5.499292462962205,0.0626196679696608,0.907366067006319,0.5291422351126438,5000,0
x_z_x,28,ok,64.42712473872167,4.619069777115302,372.75275750460986,4.517567496526361,4.7453046559083,5.537523486587309,0.062344261199740916,0.9327345924635362,0.5428098197454312,5000,0
x_z_x,29,ok,64.42712473872167,4.7069673358143715,385.4518558850799,4.696515401591685,4.838246326026234,5.633922645201927,0.06196222581048244,0.9237394573134732,0.5513181218244455,5000,0
y_plus_z,0,ok,13.901203036096305,0.7446292601050586,20.078480855220736,0.5872417817132294,0.7888866570184291,1.0480225476189537,0.06325573362429177,0.42073762032313444,0.48493891359428365,5000,0
y_plus_z,1,ok,13.901203036096305,0.7438482744666267,21.279146176379207,0.597858277019846,0.7941748431208815,1.0497728483040618,0.06132737624361817,0.37751044148572865,0.4986567193224282,5000,0
y_plus_z,2,ok,13.901203036096305,0.7463424751669426,20.096937472107363,0.6245908637046544,0.7954482105676232,1.0574226272928078,0.06313786734145929,0.43352247264095,0.5009335062532568,5000,0
y_plus_z,3,ok,13.901203036096305,0.7194844411512588,20.581273617287003,0.577891963461992,0.7706830601386995,1.0202856819786659,0.06237735966871452,0.35896606485586174,0.48315198586688046,5000,0
y_plus_z,4,ok,13.901203036096305,0.7275473201053079,19.364061980909177,0.5778368595339637,0.7699091018947188,1.025929929983012,0.062358107456050915,0.35550287040183853,0.4771373413405892,5000,0
y_plus_z,5,ok,13.901203036096305,0.6766573148514397,18.32952346942212,0.5135092812798586,0.7162071228697143,0.95398995707381,0.06326032323443716,0.3453920808672804,0.46170761091679735,5000,0
y_plus_z,6,ok,13.901203036096305,0.731347863977447,19.605833753530074,0.5889902636200899,0.77407706065899,1.0344282697782081,0.06259802328970604,0.3854063475069745,0.49763590491546394,5000,0
y_plus_z,7,ok,13.901203036096305,0.7147138318596206,19.314889741452628,0.547043975403529,0.7572173360508319,1.0053432693306448,0.062280331910453415,0.4185528466454705,0.47676562007453577,5000,0
y_plus_z,8,ok,13.901203036096305,0.8038451458879482,24.397661229664674,0.6066149593829059,0.865950389068744,1.1327200049099637,0.06267851338348185,0.4087144939892485,0.5356820026909461,5000,0
y_plus_z,9,ok,13.901203036096305,0.723927705236936,19.420455798635782,0.5541511174170423,0.7641857953446309,1.0169917937489839,0.06300251366285245,0.39291733246312727,0.48078341152998344,5000,0
y_plus_z,10,ok,13.901203036096305,0.6885027037310096,18.235292730745538,0.5598093848319974,0.7246190929647048,0.9673671014933006,0.06355240991203076,0.3883333424534331,0.4522255292027955,5000,0
y_plus_z,11,ok,13.901203036096305,0.7166104971370643,19.47234474659077,0.6160950368693797,0.761950705227492,1.0069913404092787,0.06338806687072415,0.42031249621264666,0.4818884816347558,5000,0
y_plus_z,12,ok,13.901203036096305,0.723557035497662,19.836735358294092,0.606545161945685,0.774060994178028,1.02545685011656,0.06263260581831022,0.4192410365560043,0.49169630773934414,5000,0
y_plus_z,13,ok,13.901203036096305,0.7850970654924481,23.12799172704881,0.5730892915144069,0.838668006509704,1.105653775508023,0.0629342497504958,0.4086780414984235,0.4903474577562885,5000,0
y_plus_z,14,ok,13.901203036096305,0.7310793878300628,19.53119194045253,0.578789757779947,0.7746425554092392,1.0360828287278603,0.06313525526594824,0.4250641874289339,0.4782856859540245,5000,0
y_plus_z,15,ok,13.901203036096305,0.7387662779086974,20.28103076912374,0.5674983869180207,0.7884647689210942,1.0415590356873392,0.06301433472823806,0.43045087015888017,0.47819375605454406,5000,0
y_plus_z,16,ok,13.901203036096305,0.7169528704387772,19.8222990182108,0.5898297613889225,0.7610649897823701,1.0104118702963847,0.06263303663910691,0.37986397020519796,0.4690762034152791,5000,0
y_plus_z,17,ok,13.901203036096305,0.6868543706737915,17.69192148584525,0.5266145229035699,0.7215808373379967,0.9717271602228004,0.06308582707025734,0.3455418137115727,0.4612576578344825,5000,0
y_plus_z,18,ok,13.901203036096305,0.8082207976980661,21.797994427261756,0.6378662934946635,0.8610226485555784,1.149354424873485,0.06307028386462157,0.48793052539738885,0.550136889863308,5000,0
y_plus_z,19,ok,13.901203036096305,0.7082881005149299,20.075119131737505,0.5534577085392763,0.7514119514316003,0.9984956282811467,0.06305105352666329,0.3834126888896247,0.4534757851874558,5000,0
y_plus_z,20,ok,13.901203036096305,0.7156544781137264,20.06466780930629,0.5777861181154114,0.7647187539246433,1.014902802043714,0.06344557048656921,0.4018658416807992,0.4956877563411263,5000,0
y_plus_z,21,ok,13.901203036096305,0.6792542096959223,18.58981181159919,0.54926346190431,0.7258070726184153,0.9567346267909541,0.06318124812111853,0.3871328048944745,0.4576813947951029,5000,0
y_plus_z,22,ok,13.901203036096305,0.6878456685702388,17.892544053360016,0.5447119084627527,0.72799595801018,0.9711001750353156,0.06342967678305655,0.3918569977931824,0.4632130959572134,5000,0
y_plus_z,23,ok,13.901203036096305,0.6859563714950234,18.202696677132725,0.574797458904684,0.728402244360472,0.966834045385906,0.06284159926911677,0.38744026004738585,0.45800611038253536,5000,0
y_plus_z,24,ok,13.901203036096305,0.6470349849252431,17.19574973072794,0.5440442304712391,0.6888745028273557,0.9224179271450371,0.062456906619120345,0.3531673764076663,0.4477582500206934,5000,0
y_plus_z,25,ok,13.901203036096305,0.6804983141871671,18.36194293266865,0.5829026963528485,0.7212132325516357,0.9662079956685662,0.06342997225162926,0.37194343367318156,0.46675638739482145,5000,0
y_plus_z,26,ok,13.901203036096305,0.6813074486655479,17.85678997110402,0.5071519250112069,0.7261598786117336,0.9615513675235444,0.06271009586793688,0.3786996225043724,0.485101916006169,5000,0
y_plus_z,27,ok,13.901203036096305,0.7253336635231336,19.18086804175954,0.5693249352419957,0.7693753149035146,1.026368640377149,0.06271082419155896,0.402954795099479,0.48185932088019634,5000,0
y_plus_z,28,ok,13.901203036096305,0.7062305278278466,19.070785948439273,0.5426872078882716,0.7509686840495001,1.0012945568445704,0.06245787804014449,0.36103211568171645,0.4869594279486288,5000,0
y_plus_z,29,ok,13.901203036096305,0.7061400030734739,18.70359885635186,0.5840368098587336,0.7515409756662482,0.9983731358315432,0.061515287308196775,0.3959930221385491,0.4824109559404571,5000,0
x_plus_z,0,ok,33.17345746870677,1.9087615282149581,138.8542080650844,1.8957736064333637,2.0624757583041777,2.633605127739971,0.06339630397547005,0.7165924686824056,0.6277238280316171,5000,0
x_plus_z,1,ok,33.17345746870677,1.9433966812454695,145.88792423342056,2.0902012411152753,2.123274550950558,2.67933094442432,0.06154026967610885,0.6563712538635198,0.6080722686881455,5000,0
x_plus_z,2,ok,33.17345746870677,1.9137495448071085,139.17470769115116,2.06962945352092,2.0866436336258127,2.6421847190840015,0.06379511728847337,0.7428566546078157,0.6330972791117798,5000,0
x_plus_z,3,ok,33.17345746870677,1.8928309534878711,142.19243565309918,1.8856991506832659,2.0600867173484496,2.609139313918861,0.06275500070238398,0.6471345237071223,0.6138040660318025,5000,0
x_plus_z,4,ok,33.17345746870677,1.8734694167422574,133.70526906842215,1.860011017673855,2.0235264324968183,2.5737459776517646,0.06273523009282295,0.6185722646953077,0.6142451846277954,5000,0
x_plus_z,5,ok,33.17345746870677,1.676114675827019,114.28588570381382,1.674936332046874,1.8142922777152881,2.323879157394932,0.0634821687757188,0.6219137609345547,0.5626648623595507,5000,0
x_plus_z,6,ok,33.17345746870677,1.8735854284713371,137.5182614656913,1.938800618881022,2.030493564136946,2.594273635137757,0.06326998932090531,0.668858117961722,0.6161085519746236,5000,0
x_plus_z,7,ok,33.17345746870677,1.84841444307017,134.52008737044721,1.7877110211750569,1.9956213831265264,2.5421312335529618,0.06225397642821078,0.7109362661227325,0.6021523073002297,5000,0
x_plus_z,8,ok,33.17345746870677,2.0235239073743707,150.1253241906099,2.149406255366762,2.1922473081610194,2.7744941791053668,0.06316464477178982,0.7058337477497909,0.631171946044251,5000,0
x_plus_z,9,ok,33.17345746870677,1.847929148227976,134.4190956689637,1.8691731262304423,2.0057330276903653,2.5465454652603854,0.06238422362983921,0.7052845895285221,0.6037704520342906,5000,0
x_plus_z,10,ok,33.17345746870677,1.7560413922157305,125.0825188366461,1.778387057778074,1.895873126638707,2.431402933707942,0.06413075074433106,0.6827688216874344,0.5840049611343197,5000,0
x_plus_z,11,ok,33.17345746870677,1.8575222072475677,132.62129776094653,1.9847493217170977,2.0174942195246874,2.57707216757559,0.06346604914214218,0.7515661105769776,0.6104706991829982,5000,0
x_plus_z,12,ok,33.17345746870677,1.8882179746711358,141.2770393491496,2.0561798199304615,2.0588564194812564,2.6048381304275,0.06256147059620715,0.7369335968069405,0.6215141518408962,5000,0
x_plus_z,13,ok,33.17345746870677,2.014890205981757,155.5698829349954,2.059211428076371,2.191686220771754,2.7750268904617084,0.06353490524683889,0.6893595059218004,0.6174265671581809,5000,0
x_plus_z,14,ok,33.17345746870677,1.9257001599535193,141.40143234889845,1.9646640918431804,2.081441275705825,2.665134710506039,0.06320225121674793,0.7380622897386,0.614745604888801,5000,0
x_plus_z,15,ok,33.17345746870677,1.9047129009270465,137.07342614898133,1.9858277136215703,2.0640594530454632,2.632187248046158,0.063317624139653,0.7268074506421596,0.6082925362143251,5000,0
x_plus_z,16,ok,33.17345746870677,1.8658325399886118,137.54938859605826,1.990232506675865,2.032227424573205,2.5767304272152005,0.06336843022415714,0.6593964043855205,0.6026192441671341,5000,0
x_plus_z,17,ok,33.17345746870677,1.8449135528793652,135.48155267175733,1.8086100063476807,1.9897908505819446,2.5342443592734267,0.0634609124098437,0.6377388020087141,0.5819774258556066,5000,0
x_plus_z,18,ok,33.17345746870677,2.128868324912874,155.67258793446504,2.2003895313610666,2.3026528410917595,2.924954785496576,0.06276223038950782,0.8049200562529942,0.6729364297434857,5000,0
x_plus_z,19,ok,33.17345746870677,1.7478612990628168,120.50878190824363,1.7077090705871731,1.894578662003718,2.444171791251056,0.06275223412197033,0.6637751878448797,0.5754537602226012,5000,0
x_plus_z,20,ok,33.17345746870677,1.8334335510627828,136.71672126506445,1.953157169510435,1.997026627266343,2.5376794190889727,0.06370751037018303,0.6974709411490505,0.6111181807972668,5000,0
x_plus_z,21,ok,33.17345746870677,1.6932871153583422,119.64007371940592,1.8208752735374216,1.8313656021519713,2.345145361921945,0.06342897400092638,0.6473358507921777,0.5736399368673675,5000,0
x_plus_z,22,ok,33.17345746870677,1.7644915054235961,127.45645842321184,1.8421576489351985,1.91080325576134,2.446760768978951,0.06333298082778333,0.7111780963508287,0.5922361658212401,5000,0
x_plus_z,23,ok,33.17345746870677,1.7335913035975299,124.25676366279404,1.9453862315456638,1.877096968858517,2.4090804101509704,0.06303143942644222,0.6960721301966742,0.5897474322468997,5000,0
x_plus_z,24,ok,33.17345746870677,1.7225798509712382,124.01813097774364,1.7907721199910847,1.8719685386966187,2.386403914624528,0.06329832566500124,0.651736604518065,0.5731212411627894,5000,0
x_plus_z,25,ok,33.17345746870677,1.7901057552388258,129.1091805967422,1.8413716424595816,1.9298524797909697,2.461966994956835,0.0634821687757188,0.6484209921617811,0.591330126918942,5000,0
x_plus_z,26,ok,33.17345746870677,1.6998965287940389,113.4290825689398,1.6414180397356435,1.8326719163310237,2.330957217377462,0.06320413559883885,0.6760126849098227,0.5898456964368847,5000,0
x_plus_z,27,ok,33.17345746870677,1.9127438275732283,140.52084090871654,1.924637394543078,2.0572017557454236,2.6164669673849503,0.06299666287856558,0.7046932018416429,0.6173320513742597,5000,0
x_plus_z,28,ok,33.17345746870677,1.8993478826690082,137.68163556560097,1.9737228328068683,2.050476622663605,2.605756379535211,0.06319947291110077,0.6770615683778576,0.6033620340825241,5000,0
x_plus_z,29,ok,33.17345746870677,1.865593183583919,134.33420758113354,1.9410346406680463,2.00818286209193,2.5534421579425532,0.06186677383234332,0.7031724911694769,0.6119628275229486,5000,0
x_plus_y,0,ok,2.5622585163470704,0.09026938447384197,0.1086789834996918,0.07779344504646957,0.09254012873431906,0.12394448392690624,0.0644507486251967,0.1858323304264706,0.11937355003832908,5000,0
x_plus_y,1,ok,2.5622585163470704,0.09012749860849696,0.11774857488213111,0.07501553561243596,0.0928646116808629,0.12388027278492945,0.063262189023078,0.1829365049699766,0.11843949514841888,5000,0
x_plus_y,2,ok,2.5622585163470704,0.09056642763628317,0.11813668476732332,0.07995337820460964,0.09345799690421089,0.12484356016331821,0.06441453743191719,0.18331987076926595,0.12006896766282939,5000,0
x_plus_y,3,ok,2.5622585163470704,0.08875340644647624,0.11046233964791818,0.07626594561181478,0.09108085486956477,0.12224399399411079,0.06395103842398847,0.18241625487554755,0.11682699725478962,5000,0
x_plus_y,4,ok,2.5622585163470704,0.08777763555487494,0.09860359038849552,0.07772744105813313,0.08960676044641012,0.12068160507327334,0.063904048052964,0.18304347904510124,0.11746091149546041,5000,0
x_plus_y,5,ok,2.5622585163470704,0.08603858486489574,0.10599390575462121,0.07006538360739398,0.08821073856223474,0.1183769728585763,0.06432257701465227,0.17877875922536485,0.11275507367981467,5000,0
x_plus_y,6,ok,2.5622585163470704,0.09342012544782874,0.1450097614999162,0.07694011809416297,0.09657896807886081,0.12777613567672824,0.06412200241647537,0.18211645626531628,0.1185208988930664,5000,0
x_plus_y,7,ok,2.5622585163470704,0.08947877062112511,0.11254372343390005,0.07455945574362043,0.09151507964739881,0.12272418654210919,0.06374089228060964,0.18218629964224436,0.1157498414139181,5000,0
x_plus_y,8,ok,2.5622585163470704,0.09232795501475329,0.12112397052606022,0.0794203402035572,0.09520203929144305,0.12721644839031254,0.06442624681462474,0.182530024583144,0.12077026078191834,5000,0
x_plus_y,9,ok,2.5622585163470704,0.08834833948667083,0.11054208099341145,0.07179230109812597,0.0904498393615364,0.12141580186070118,0.06374678049216784,0.18192142846954404,0.11606429810660333,5000,0
x_plus_y,10,ok,2.5622585163470704,0.08848830798817443,0.11339801716301709,0.07350635288077312,0.09069567315342363,0.12125399577377605,0.06482187168423058,0.17913162717372386,0.11500958314694294,5000,0
x_plus_y,11,ok,2.5622585163470704,0.09091402736515507,0.11836840639183434,0.0795671711329975,0.09362149683719541,0.12462117687138538,0.06423497188454261,0.18583348968166388,0.11798570099483802,5000,0
x_plus_y,12,ok,2.5622585163470704,0.09126442145060269,0.12949414522080133,0.07656292937368687,0.09429002639357802,0.1253276485068991,0.06408650383129827,0.1850400094615816,0.11891630255103759,5000,0
x_plus_y,13,ok,2.5622585163470704,0.09301054392692268,0.12529946412247905,0.07849934624983287,0.09528460357524378,0.1276104952903486,0.06399284100340616,0.18310882103509807,0.11802365083066664,5000,0
x_plus_y,14,ok,2.5622585163470704,0.09232257961196724,0.11907086782113331,0.07927064402476823,0.09471079520902197,0.12685615001754996,0.06431063539542006,0.1845356021777142,0.1195704973781732,5000,0
x_plus_y,15,ok,2.5622585163470704,0.09035193260989033,0.10637859113322465,0.07529537597111577,0.09231839831783671,0.1239325393531064,0.06440896059067733,0.18454044648476983,0.11691108388846341,5000,0
x_plus_y,16,ok,2.5622585163470704,0.09150981777435091,0.13371308787522257,0.07528502758705755,0.09471716758239414,0.12580189960426477,0.0640722783219247,0.18244356075490212,0.11737100251447227,5000,0
x_plus_y,17,ok,2.5622585163470704,0.08859393285579183,0.11071389888243953,0.07301607953672255,0.09069186022902954,0.12181903854551583,0.06446124731094624,0.18226076099839547,0.11590852952893665,5000,0
x_plus_y,18,ok,2.5622585163470704,0.0965103305611876,0.13535803166204752,0.08113696989623938,0.09918250280016269,0.132840678820185,0.06400615392493608,0.1898319725327694,0.12330289607801632,5000,0
x_plus_y,19,ok,2.5622585163470704,0.09003557099123402,0.12843521561739324,0.07500534272562277,0.09285490636746603,0.1235860489918689,0.06433931263710602,0.18097324679216437,0.11425524080192521,5000,0
x_plus_y,20,ok,2.5622585163470704,0.08936803717075373,0.1202809402546297,0.0754993342874189,0.09229254271308261,0.12296134774861917,0.06453671562881667,0.18227134309239246,0.11861401983445272,5000,0
x_plus_y,21,ok,2.5622585163470704,0.08593237875421358,0.11073259492121137,0.07319094809393308,0.08831489645456192,0.1174817633992186,0.06429929098169063,0.1810466518054475,0.11469877326752453,5000,0
x_plus_y,22,ok,2.5622585163470704,0.08743746960634427,0.10468761183407221,0.07407546126315455,0.08949712056952774,0.12005935838358218,0.06398255985241866,0.18218914822483093,0.11614819994072145,5000,0
x_plus_y,23,ok,2.5622585163470704,0.08956919411748696,0.11956209812529223,0.07689967907749115,0.09192961018362569,0.12253049787261175,0.0641791855710749,0.18379551782650436,0.11702890876326799,5000,0
x_plus_y,24,ok,2.5622585163470704,0.08380535509388974,0.10067911250129614,0.07492104138532783,0.08626178165754546,0.11573596389918875,0.06380276452966316,0.1826976954442542,0.11548510848141932,5000,0
x_plus_y,25,ok,2.5622585163470704,0.08807423019911667,0.10938924707075214,0.07626400143504937,0.09028372307664057,0.12130345012307621,0.06420779625244472,0.18242952374796895,0.11650828256548484,5000,0
x_plus_y,26,ok,2.5622585163470704,0.08243867898486547,0.08468405650145798,0.07061645927841044,0.08411255625019833,0.11359513987776611,0.06392058243645807,0.18355797847010064,0.11519563702275681,5000,0
x_plus_y,27,ok,2.5622585163470704,0.08924897959208845,0.11331085578009156,0.08140004552897401,0.09156679105253278,0.12263049929840907,0.06408207051222284,0.18245613047328574,0.11809754845692313,5000,0
x_plus_y,28,ok,2.5622585163470704,0.09056342686689066,0.11806928158395927,0.07489372731640077,0.09308869145232779,0.12427211899254408,0.06402011516132249,0.18323399013825395,0.11860091637428727,5000,0
x_plus_y,29,ok,2.5622585163470704,0.08828787551900757,0.10910519953310029,0.07502431014527995,0.09095746311043401,0.12210496641793418,0.06375214455151476,0.18299822694047516,0.11822443913400565,5000,0
