group,config,embedding,valid_runs,total_runs,pushforward,k,n_samples,theiler_w,noise_level,E_star_k_mean,E_star_k_std,CondVar_mean,CondVar_std,PredErr_mean,PredErr_std,MeanDisp_mean,MeanDisp_std,NeighborDisp_mean,NeighborDisp_std,median_rk_mean,median_rk_std,q90_rk_mean,q90_rk_std,mean_rk_mean,mean_rk_std
baseline,baseline,x_x_x,10,10,20,50,5000,30,0.0,0.10902234530128227,0.0029678018381451513,0.20646370752894416,0.019558898850240015,0.08774441462061125,0.0037581878367243457,0.11223865380624232,0.003443356472880658,0.149751218581402,0.004087694774564459,0.0660766130508879,0.00032033066350955363,0.19152927892155178,0.0017337128664324428,0.13532132755945897,0.0028760413983423922
baseline,baseline,y_y_y,10,10,20,50,5000,30,0.0,0.04524408081663885,0.0005127112347166969,0.005113958171294001,0.0003015861372867174,0.036449154666337524,0.0007840145166010464,0.04583711214714532,0.0005398719518898003,0.06196200076829137,0.0006788173633220986,0.06544672935513332,0.00031263014414338895,0.16765670942632754,0.0017010507715544655,0.08552101650851121,0.0006646260853687398
baseline,baseline,z_z_z,10,10,20,50,5000,30,0.0,14.3653659705802,0.4352439830611613,5432.213277652427,302.4591068510843,12.116130995380471,0.7144778243614893,14.592232819456376,0.47738917912283196,19.601731111449602,0.6050097350481469,0.06951531913075967,0.00122123622760338,16.844902718558586,0.6629718023924127,21.398221807929417,0.9649356411542399
baseline,baseline,y_z_y,10,10,20,50,5000,30,0.0,4.708682857082371,0.17028392121803412,387.2434160931322,15.632606838998642,4.748521706815778,0.16204223028344286,4.847224287469915,0.17739367665555925,5.644808476138424,0.20614291516645164,0.0659691950881631,0.0006436174240531002,0.925998416593367,0.040158053755512894,0.548193701988299,0.014000969050505038
baseline,baseline,x_y_x,10,10,20,50,5000,30,0.0,0.04547599684379538,0.0004933724954428044,0.005189356311747684,0.00032878554251853807,0.036747215883926126,0.0008072521456986633,0.04607723123278951,0.000519981187248833,0.06230564159034807,0.0006560081097727303,0.06552294267721238,0.000275202528518367,0.1672095122098804,0.0020962935204790335,0.08614685822559949,0.0006775370460351952
baseline,baseline,x_y_y,0,10,20,50,5000,30,0.0,nan,nan,nan,nan,nan,nan,nan,nan,nan,nan,nan,nan,nan,nan,nan,nan
baseline,baseline,y_z_z,10,10,20,50,5000,30,0.0,12.10803211906736,0.3879509540822442,5232.29825362572,280.7396343386271,12.58654704660547,0.7375123156361324,13.023336775671797,0.45956214144367746,17.23675878622067,0.5553954849973773,0.08204049399399917,0.0024556611921501305,7.912959763128176,0.6326708195729747,7.066409754312085,0.30904585974295723
baseline,baseline,x_z_z,10,10,20,50,5000,30,0.0,12.154997753190191,0.38954743063223546,5233.281754613932,280.78032004338627,12.653735775714589,0.7389491238063359,13.079379527273648,0.4610004731109321,17.298443806279685,0.556885337179787,0.07008224420812423,0.001137543966710293,7.907183994819469,0.6350447641777653,7.037799250101275,0.30904997836539
baseline,baseline,x_z_x,10,10,20,50,5000,30,0.0,4.702063880367374,0.169735097677068,386.9631147776236,15.59124748444284,4.726571161892932,0.16085497132574453,4.841670453802718,0.17656442274268014,5.639194340210884,0.20550393856258836,0.06279451409105591,0.0007555147856706877,0.9122498894567034,0.03728977206520214,0.5437117226873646,0.014005531753145563
baseline,baseline,y_plus_z,10,10,20,50,5000,30,0.0,0.7332343632808586,0.030423267538556904,20.246826409460873,1.5771926066448299,0.5775729342537111,0.03045387326204028,0.7796739576733265,0.03601018637377062,1.0344906930019113,0.04301482518074985,0.06262761498150657,0.0005608666423673148,0.3897222571179615,0.02886582395820745,0.48973930165051655,0.019072138322409563
baseline,baseline,x_plus_z,10,10,20,50,5000,30,0.0,1.8801775727468537,0.08392141211046918,137.06831991107038,9.089649906470555,1.9221341823126838,0.13776598729164433,2.0394394653555965,0.0936186038377767,2.5919329753270324,0.11056861972863341,0.06287769246617232,0.000645665390386622,0.6794353647853494,0.040571543919687446,0.6112810746204087,0.01921975553974365
baseline,baseline,x_plus_y,10,10,20,50,5000,30,0.0,0.0897108128155247,0.0020463473828747523,0.11488436153934692,0.011797255876574458,0.07595333442803234,0.0030071570641607365,0.09215070175768415,0.0024026446429570906,0.12331034612709657,0.0027312459219220263,0.06403410605756742,0.0003675916511649035,0.18250814082719757,0.001633941976664941,0.11760302944751481,0.002252025900986224
k,k=20,x_x_x,10,10,20,20,5000,30,0.0,0.06709531168695865,0.002098441624130369,0.08177902237760015,0.012065901405182284,0.07171506532251656,0.0034587799337773622,0.06984867181651944,0.002393256931544039,0.09164385027323388,0.002728175117525718,0.03540711834056793,0.00021445533140534715,0.16606007987789126,0.001646553755092231,0.081691498383309,0.001782301363573692
k,k=20,y_y_y,10,10,20,20,5000,30,0.0,0.026247193321053013,0.00036153914037944556,0.0020424065475917524,0.0001407207388262141,0.029809332055669484,0.0007599179287055703,0.02686922693382663,0.00041671905483411757,0.03674175323712932,0.000472335302465195,0.03657228918629937,0.00027572114586384226,0.13702645601788677,0.0017208379852347512,0.05391313534488186,0.0006372036778889461
k,k=20,z_z_z,10,10,20,20,5000,30,0.0,8.9787657187848,0.271626085814101,2311.2391354281003,185.63738215868023,8.905494125759349,0.6464261177161792,9.261448562410418,0.29266665241951695,12.45205473267168,0.3687784769136927,0.04102770092401,0.001204613382648652,10.015171033375745,0.3317869922413719,13.03482097729137,0.6827390091915458
k,k=20,y_z_y,10,10,20,20,5000,30,0.0,4.024767612285076,0.16275995328453038,358.0878126288097,14.92318915037908,3.8765773594310646,0.1314301062196867,4.230931655274246,0.1696789268956528,5.021768675609651,0.20277128345671164,0.037748544165482956,0.0003846101373836267,0.5377356124054452,0.022356892745335092,0.26908070241256044,0.0058020919366241815
k,k=20,x_y_x,10,10,20,20,5000,30,0.0,0.026262039266664365,0.00033417734927999713,0.0020653810289307565,0.00011567009393154491,0.02990136299478733,0.000752043355535544,0.026911082880703412,0.00038115339631926084,0.036867204169746925,0.00043722001595066493,0.03675369066664298,0.0002568721477706073,0.13643902516419107,0.001489535939878486,0.05425925595673166,0.0006469176567829646
k,k=20,x_y_y,0,10,20,20,5000,30,0.0,nan,nan,nan,nan,nan,nan,nan,nan,nan,nan,nan,nan,nan,nan,nan,nan
k,k=20,y_z_z,10,10,20,20,5000,30,0.0,6.9642503772655315,0.24736705624735997,1672.930891145224,157.80512939429008,8.43693795295725,0.6142489966568464,7.3435455789800885,0.27886063771313746,9.74772049835626,0.3239753486979371,0.046152674586159195,0.0008939525740885138,4.448341580427886,0.4542593967871233,3.6715748109597053,0.17363760183374544
k,k=20,x_z_z,10,10,20,20,5000,30,0.0,6.982881810217182,0.24601218062295555,1673.1490353950583,157.713340401065,8.465262113952102,0.6136426290369728,7.366917193954471,0.27719309004290194,9.776865629808189,0.32203993446887696,0.04122327060222258,0.0009009504002986235,4.436476610399112,0.4609765980932822,3.6550559638755744,0.1739351224797568
k,k=20,x_z_x,10,10,20,20,5000,30,0.0,3.9723176578982233,0.16014687706371517,354.1888200516174,14.575067095415179,3.8109094423221643,0.12722075728169907,4.1816321532561265,0.16554665339469923,4.9645694814696375,0.19689223572029968,0.03660651745562575,0.000363706310828967,0.5335837738812892,0.02361265970368072,0.26666223478917356,0.0057829064406998065
k,k=20,y_plus_z,10,10,20,20,5000,30,0.0,0.4163445553613688,0.016500379954713654,6.511497335014793,0.7193655000711435,0.4164281629751677,0.028604709837736702,0.43899442720420206,0.018726662192156893,0.5773503900673481,0.023037003356089714,0.036294451266512415,0.00017289263100532553,0.23523536876513185,0.015443089460929985,0.2727833234277756,0.011377930319790957
k,k=20,x_plus_z,10,10,20,20,5000,30,0.0,0.8957118866425378,0.029184520592852783,37.00439087762885,2.858672763457272,1.0899380471967457,0.09399031318387217,0.9644220039650275,0.03529759940571592,1.2820197570101581,0.044351890117752396,0.03513752634080736,0.00047931107131228367,0.3889063574199243,0.02085871894692832,0.3406512768165125,0.012420373355132098
k,k=20,x_plus_y,10,10,20,20,5000,30,0.0,0.054167346448853126,0.0014542589753503388,0.041944406952772614,0.007604158938910266,0.059997198306667096,0.0026421645129436643,0.056124696547038985,0.0017249139127001431,0.0742571960936216,0.0019366124090953848,0.03504366611027291,0.00017150897270442407,0.16334258404480906,0.0029248792458012973,0.07246351107104324,0.0015508866747932593
k,k=100,x_x_x,10,10,20,100,5000,30,0.0,0.17061452237979,0.0041263299859725594,0.45416180860432676,0.030947680870524952,0.12668487590371857,0.005649122287761378,0.17670411450876708,0.00480653390945725,0.23393737338079962,0.005564452341895635,0.10394308347405437,0.0008151577769109416,0.23735534902526845,0.004460551845550087,0.20317056159265484,0.003843252947403803
k,k=100,y_y_y,10,10,20,100,5000,30,0.0,0.0716174274647031,0.0005905415282350724,0.012111382713323574,0.0004752593719902135,0.04279407068238763,0.0009224197520409551,0.07259428913102936,0.0006248864532440655,0.09831516653055519,0.0008116196368912191,0.10746951263648588,0.0005859336872846149,0.2013282946481753,0.003123318910306255,0.12811337576118245,0.0007839735674348513
k,k=100,z_z_z,10,10,20,100,5000,30,0.0,20.558601915523475,0.562149066527529,10757.067368688846,408.8881318872845,14.072979659342048,0.7572793570949604,20.892702601090917,0.5944804035642294,28.571227924256085,0.7816349696369043,0.1130106247146011,0.003554337294219791,26.776884062942706,1.2621589473832657,32.94353201227688,1.356482950584107
k,k=100,y_z_y,10,10,20,100,5000,30,0.0,4.908167364708406,0.17835604827564755,391.4858646456922,15.874723720354554,5.0100673369356645,0.1624043161843024,5.030649226286435,0.18504912231110446,5.9029987182885275,0.21350254241214112,0.10760141902547919,0.0007622572111712698,1.290793146977714,0.01752485597630223,1.0158806773341973,0.03233481039967602
k,k=100,x_y_x,10,10,20,100,5000,30,0.0,0.0720081348135401,0.0006022820985777137,0.012145341878334449,0.0005480616823445604,0.04304326290390768,0.000944189949813756,0.07296847883327005,0.000650080866857342,0.09883416941904724,0.0008421945867575345,0.10755833393385676,0.00043081650961412807,0.2026593598419255,0.0028927059928133686,0.12918782179572136,0.0008188041951473839
k,k=100,x_y_y,0,10,20,100,5000,30,0.0,nan,nan,nan,nan,nan,nan,nan,nan,nan,nan,nan,nan,nan,nan,nan,nan
k,k=100,y_z_z,10,10,20,100,5000,30,0.0,19.603295598337706,0.6616984876055232,11621.377292227962,653.4760684519387,20.69185885098791,1.137932661933121,20.678096794831397,0.7008379745194064,26.558456153626672,0.8159545464468394,0.12588646073911341,0.0017354539625126727,10.902647593583444,1.0303358028048797,10.764293465430923,0.42018842786793137
k,k=100,x_z_z,10,10,20,100,5000,30,0.0,19.631415527921803,0.661523773723723,11622.005048654133,653.4404742713942,20.74151368943263,1.1387925000795334,20.70497071563849,0.7004520511020162,26.585867411208802,0.8155302392893321,0.10712481995765455,0.0015543381831427117,10.899120221129342,1.032698322931152,10.727652234597887,0.42011467698727756
k,k=100,x_z_x,10,10,20,100,5000,30,0.0,4.907388583454047,0.17839629218166123,391.5770876583581,15.885834450033112,4.998811664575622,0.16216320726559616,5.030731620208557,0.18519371650706745,5.903584033335145,0.21356565636858837,0.10182204905722225,0.0006338980617770996,1.2655314797167532,0.020878327994556294,1.0084003733861777,0.03236765963724837
k,k=100,y_plus_z,10,10,20,100,5000,30,0.0,1.1273599951926343,0.04523318729798447,40.127342701129294,2.276652448250601,1.0213567682536582,0.04244036932642471,1.1814571897290227,0.048291495736093835,1.5054419168861695,0.05849050838418251,0.1000804543885162,0.0003225076382555449,0.5863697761818436,0.02746569332083059,0.7244162116067046,0.028997125218991747
k,k=100,x_plus_z,10,10,20,100,5000,30,0.0,2.509654986367908,0.10879296088269193,196.98995268040954,11.798593878725349,2.6745914645988593,0.16046799408830495,2.7107600529625886,0.12064617731899897,3.3904179630222098,0.14335926307540026,0.10105659274682673,0.00115165900122123,1.0090511612766166,0.03614723264519265,0.9706222724468565,0.030103956302952577
k,k=100,x_plus_y,10,10,20,100,5000,30,0.0,0.1394539354980466,0.0029155766668087055,0.2545812334865628,0.015791046621187837,0.10563646757572212,0.004284035322233322,0.14385328705459294,0.003366895763883651,0.19133181929334675,0.003975637189267393,0.10611387938995591,0.0009546555260177071,0.22567292603724667,0.0038838491546995565,0.17569802906598694,0.0029549429412814745
horizon,n=5,x_x_x,10,10,5,50,5000,30,0.0,0.07784364522779148,0.0019381516440572307,0.05708637399903814,0.0041044794062534504,0.052358596061352125,0.0014451257399170617,0.07934637095329966,0.002031685686958172,0.1070371716592405,0.0026848952476023094,0.06596987079534773,0.00033139939681460956,0.190372697281098,0.001963855180676967,0.13395078479042763,0.0021583463590998182
horizon,n=5,y_y_y,10,10,5,50,5000,30,0.0,0.042320002998052456,0.00036621999118318483,0.0034882460202651554,0.00010388497587635047,0.03095816413276309,0.0006036158954265714,0.042775157150766935,0.00038348014713943823,0.05799516360247329,0.0004826028578912644,0.0654611532047804,0.0003581321000688475,0.16689335315183135,0.0012844053936775341,0.08527452886476808,0.0006972950332990524
horizon,n=5,z_z_z,10,10,5,50,5000,30,0.0,12.213280167921898,0.5881937267199995,3915.4548560060734,347.75936032606126,7.713389888000795,0.3968545445620078,12.387532815494136,0.6107967744366656,16.609959891259344,0.7835707622945259,0.06996432273996052,0.0015854502412673455,16.76387867918102,0.5276035555572772,20.99728714772416,0.8680668951823302
horizon,n=5,y_z_y,10,10,5,50,5000,30,0.0,1.4170185248011176,0.04904358246087704,36.82470297183831,1.6085928676724224,1.4017124779989973,0.043414849698322266,1.4539233034645036,0.04994650954240678,1.748012310127137,0.05898745714563249,0.06606412823137472,0.0006628099042578782,0.9242279469243915,0.030817274011728457,0.5406317304528282,0.015535507875117129
horizon,n=5,x_y_x,10,10,5,50,5000,30,0.0,0.042491581736044046,0.00034983296343897975,0.003518144497290558,0.00010543206411555084,0.03127520760128244,0.0006471912863411143,0.042953661107121135,0.00036447446638261243,0.058275625473622174,0.0004648154038408929,0.06556027302384662,0.0004169290613731309,0.16653451001259945,0.0016404099523479,0.08590656865184947,0.0007171785109373844
horizon,n=5,x_y_y,0,10,5,50,5000,30,0.0,nan,nan,nan,nan,nan,nan,nan,nan,nan,nan,nan,nan,nan,nan,nan,nan
horizon,n=5,y_z_z,10,10,5,50,5000,30,0.0,5.729432685240521,0.21757520474689318,953.7866207422861,58.49343305516525,4.319814643640413,0.21606970847256973,5.914862037844808,0.23214854025934475,8.002918809110202,0.30774688128452005,0.08274632170300421,0.002476024383112996,7.876138786562234,0.6208244832506712,6.920053514098251,0.19276278681287093
horizon,n=5,x_z_z,10,10,5,50,5000,30,0.0,5.722481439993228,0.21738243552309197,953.7848508521369,58.492622690536656,4.325882593211647,0.21621839494544415,5.908052836801131,0.23194069129940878,7.993389017842224,0.307552545716493,0.07043186062220659,0.0011199580795926182,7.865959271417333,0.6184562604329992,6.891527754397503,0.19295286041456905
horizon,n=5,x_z_x,10,10,5,50,5000,30,0.0,1.413807293977107,0.04896775025115175,36.81490835199149,1.6082291352563907,1.3952596906897414,0.04335465522041839,1.4506911623165344,0.04987200216607093,1.7443213101295723,0.058866550376696275,0.06285783108338792,0.0008522330861256383,0.9162204276272282,0.02790545791939112,0.5361115138195773,0.015545504019152312
horizon,n=5,y_plus_z,10,10,5,50,5000,30,0.0,0.4293968623848629,0.01956111818768698,6.372096330411046,0.45487135235800114,0.2884702507741805,0.016730385459326483,0.44389890282642747,0.020526115409868317,0.598387689208485,0.026805725848922612,0.06266301330993955,0.0006286667354189504,0.3819476389844419,0.023982238370460963,0.48139603081359034,0.01819758534764608
horizon,n=5,x_plus_z,10,10,5,50,5000,30,0.0,0.7307124923375942,0.034334319804255164,17.846881629118293,1.3353608698824888,0.6464108575598699,0.034598984499197606,0.7679742288886662,0.03740565356904463,1.001059332585441,0.04609664351866,0.06273357206311383,0.0007835366155999896,0.6646508470881314,0.03500671925226036,0.5979688513385699,0.019197281355053972
horizon,n=5,x_plus_y,10,10,5,50,5000,30,0.0,0.06643990812161213,0.001576888209453443,0.03378044688475905,0.0027583458165004555,0.04758249781279028,0.0012883581789850547,0.06759765866584684,0.0016219218031143044,0.09149275051444276,0.002125685150302302,0.06385104518692224,0.0004175817617350375,0.18173012440446687,0.0012031665814850772,0.1165698445982204,0.001772397536440122
horizon,n=10,x_x_x,10,10,10,50,5000,30,0.0,0.09281086794403783,0.002389413881288676,0.1225036153115225,0.008444440348845082,0.0667078272902876,0.0022995508515126404,0.09526345382384693,0.0025610517286537475,0.1277847309931513,0.0031731140180228596,0.06599653498699173,0.00030623620384885613,0.1902783580849642,0.0017486505612163091,0.13382139466580814,0.0017993325961549917
horizon,n=10,y_y_y,10,10,10,50,5000,30,0.0,0.04327395634859478,0.00042265677733298584,0.0040307314481162915,0.00016857770095802635,0.032648290538905854,0.0007181773783777001,0.04377454984550342,0.00044665404707997674,0.059284336169804684,0.0005455341822316892,0.06545601987693521,0.0003058518355970588,0.16692570687520153,0.0014957518369748712,0.08526271986409725,0.000686089161881808
horizon,n=10,z_z_z,10,10,10,50,5000,30,0.0,13.629817415974802,0.5456325477715186,5237.401799276159,400.05218413195666,9.814902049300075,0.4811236196244131,13.858591557671451,0.5653959607814302,18.520706413701976,0.7323582399655457,0.07001363251349166,0.0016090145510439737,16.696428377859345,0.4316756722590327,20.898431760786877,0.6988138616272607
horizon,n=10,y_z_y,10,10,10,50,5000,30,0.0,2.6789662282948945,0.08839526171330632,132.84398620386588,5.371557552928326,2.6758217132017332,0.08953555272171626,2.74981695213715,0.09028899260562336,3.2290603703082574,0.10433057077735165,0.0660610943556979,0.0005121910620334232,0.9221604327192179,0.02448897210189201,0.5411546695862527,0.011803038626960092
horizon,n=10,x_y_x,10,10,10,50,5000,30,0.0,0.043428094841450084,0.0003530654367017035,0.004031023017171618,0.00014565435393487669,0.032997621000180555,0.0007646297285621691,0.04392854910858247,0.0003698116494776358,0.05953755244285967,0.00047001920026840983,0.0655729661841804,0.00037230270527916995,0.1665529398800128,0.0019271505511392819,0.08589855724639368,0.0006992142827941185
horizon,n=10,x_y_y,0,10,10,50,5000,30,0.0,nan,nan,nan,nan,nan,nan,nan,nan,nan,nan,nan,nan,nan,nan,nan,nan
horizon,n=10,y_z_z,10,10,10,50,5000,30,0.0,8.612097299580832,0.24263101298177556,2618.672126192613,139.76956849948667,7.729332885916513,0.33207793484900866,9.055619043090255,0.26662902759466356,12.133032778308955,0.3374479888389035,0.08265237048763727,0.0024425396542012852,7.849074642253531,0.4099775667110108,6.913943301557248,0.19538628671820146
horizon,n=10,x_z_z,10,10,10,50,5000,30,0.0,8.618975567038788,0.242391421988542,2618.748970104468,139.76773989021854,7.750238785853948,0.3325151133690663,9.063705774067314,0.2664075302089094,12.141366378336759,0.337114176505289,0.07052612020576977,0.001430218702767503,7.844064481905941,0.40537634993793953,6.885328219040845,0.19552948784073904
horizon,n=10,x_z_x,10,10,10,50,5000,30,0.0,2.674127311448784,0.08805010581132044,132.78888600389558,5.363477613501087,2.6634462244270143,0.08923075446424543,2.745409747197933,0.0899421285844539,3.2244569598781405,0.104084361625492,0.06285473230201367,0.0007196656943880626,0.910512813560875,0.018435010137194497,0.5366770832464599,0.011815104156172878
horizon,n=10,y_plus_z,10,10,10,50,5000,30,0.0,0.6307989800723661,0.025684631340153467,16.221297513048363,1.1024109273115108,0.46822404769721543,0.023461895515327437,0.6638882838304034,0.027983696216468058,0.8860660310168542,0.03577232643081018,0.06266660361061793,0.0004977526752970275,0.38266872221383924,0.025314689342577162,0.47570209315878387,0.01522309907804312
horizon,n=10,x_plus_z,10,10,10,50,5000,30,0.0,1.2446764367792704,0.06068511098470081,61.32579501685192,4.607935800039578,1.188809546362895,0.06702475090304069,1.339053756465261,0.06710772619358317,1.7023529035623426,0.07888955362719066,0.06281550315696476,0.0007480237753448335,0.6642431132519827,0.027855773798761963,0.600411981274052,0.018876825543988073
horizon,n=10,x_plus_y,10,10,10,50,5000,30,0.0,0.07776348831154492,0.001968407229626933,0.07033671272185944,0.0057409796869305856,0.0595493076491165,0.002164705694683391,0.07959873631414678,0.002090376300804555,0.10726750488064232,0.002627696525265725,0.0638957258806098,0.0003171714738457518,0.18167835601111218,0.000972414644954234,0.11639270387729572,0.0016457739081181188
horizon,n=40,x_x_x,10,10,40,50,5000,30,0.0,0.08560641820540947,0.002417318105074099,0.06557428298245059,0.006015771400647004,0.07574898170580965,0.002728293056807179,0.08779498520465265,0.002653081320529255,0.11737518887681689,0.003329426145866789,0.06633547363558273,0.00035512969289237985,0.19350420030951582,0.0029319234165899907,0.13522681297650618,0.003233627628217493
horizon,n=40,y_y_y,10,10,40,50,5000,30,0.0,0.04692464861704652,0.00047695810663112774,0.005977101695241263,0.0003482514192573943,0.03982734215878967,0.0007719775723199757,0.04773221369232402,0.0005332342423012915,0.06420027311897229,0.0006556225829647633,0.06558343189976537,0.0002933509052612812,0.16786120204330712,0.0013588275377083966,0.08575035196910671,0.0007649771935706412
horizon,n=40,z_z_z,10,10,40,50,5000,30,0.0,14.964570855567931,0.4869940029084267,5291.981168551401,240.17827553880457,13.956476577470506,0.7610415375820297,15.141637554965962,0.5045952290702427,20.67328431128211,0.679980715412027,0.07128096344966788,0.0024692268372233338,17.357296780890863,1.0564124782007138,21.239403068335825,1.1602045633095182
horizon,n=40,y_z_y,10,10,40,50,5000,30,0.0,6.18776726233943,0.21550934424937537,630.2329647312256,25.316126819898535,6.190439398350089,0.20368244435009566,6.483885921560855,0.23356252762829027,7.486183807438789,0.2596493228066194,0.06639719113430077,0.0007140983452581809,0.9370306559989701,0.04685973850851082,0.5467874575639562,0.019557811618773242
horizon,n=40,x_y_x,10,10,40,50,5000,30,0.0,0.04708749022915009,0.0004502585916975256,0.0058787773683378845,0.00031461868430471344,0.040002927131830165,0.0008041083296207972,0.04790345104546439,0.0005086829797527956,0.06443898773837795,0.0006132587725072538,0.06572388320973033,0.0003606308425542982,0.16759532636186564,0.0016222500492028254,0.08640418681462672,0.0007873014540620895
horizon,n=40,x_y_y,0,10,40,50,5000,30,0.0,nan,nan,nan,nan,nan,nan,nan,nan,nan,nan,nan,nan,nan,nan,nan,nan
horizon,n=40,y_z_z,10,10,40,50,5000,30,0.0,9.745981001479448,0.3270629503950672,2538.7024916293985,141.85171333357755,11.468542200501599,0.8700629266161063,10.589250896797648,0.34859121401832616,14.205182592209656,0.4851212636269252,0.08376784971808164,0.003094049851122766,8.150389312928692,0.953751561770121,7.050043263879689,0.3174871813692255
horizon,n=40,x_z_z,10,10,40,50,5000,30,0.0,10.065406296116109,0.31977699584925523,2568.0318252611914,141.397534174564,11.823044577708286,0.8571470731907385,10.966480552596558,0.3403552711818581,14.615437512609802,0.4756955265569168,0.07143165486735496,0.0017256619691873787,8.143894899481404,0.957144734414733,7.021383182836955,0.31797090627834645
horizon,n=40,x_z_x,10,10,40,50,5000,30,0.0,6.187069385360344,0.21423409191018888,629.6063029016511,25.198711220079062,6.16886934374614,0.20063288357805334,6.488157804275268,0.23206018706271886,7.49099765448743,0.25735482114675384,0.06317194703240624,0.0009186920445711738,0.9259444125516151,0.04182999056907714,0.5423322627576914,0.019602952748534217
horizon,n=40,y_plus_z,10,10,40,50,5000,30,0.0,0.37133586536688373,0.012768776686587838,2.971104188077103,0.1692797176257625,0.3371294547487429,0.01979677760276724,0.37965562779537765,0.013142341069580506,0.5169102842285543,0.018089642225594064,0.06286466056915435,0.0005976496650259675,0.40392183935487597,0.027610960326658676,0.4815962591337253,0.023786928113572057
horizon,n=40,x_plus_z,10,10,40,50,5000,30,0.0,1.5069403537394486,0.08444051872803146,83.77306567453195,6.650363921084699,1.7786334741425638,0.16248281635855968,1.6610530943824002,0.09816624384109025,2.161424873127475,0.12141255290688895,0.06321844605766527,0.0007768968725973606,0.6994476902576061,0.054659141327526126,0.6125253939655527,0.024282017675695315
horizon,n=40,x_plus_y,10,10,40,50,5000,30,0.0,0.07399254897154886,0.0018264841341436684,0.041886543635396824,0.00365808735038398,0.06985436637920547,0.002875782420218907,0.07557315799470589,0.0019337902321585343,0.10144628629087919,0.002462267577650044,0.06444657683099751,0.0004281893023607857,0.18315928146927174,0.0014526480693449672,0.11774382121534903,0.002511713982019754
theiler,w=0,x_x_x,10,10,20,50,5000,0,0.0,0.10531269905010654,0.002875877340622089,0.17068065503269106,0.012069803595595128,0.06342716495461043,0.002893715921083129,0.10693956530232844,0.00303258741460834,0.14427347739195234,0.004000491766245475,0.05882430136384399,0.00037319644038216184,0.171793076312521,0.00284698771726088,0.11922907638589364,0.002795406320462541
theiler,w=0,y_y_y,10,10,20,50,5000,0,0.0,0.045641417216294396,0.00045712608986641214,0.005313802000805442,0.00025436060944491535,0.021544034447212222,0.00046332456942341346,0.04613768643754139,0.0004824845083399204,0.062218237242486374,0.0006265481865626724,0.05884836254110859,0.0002997674493352976,0.1445994290276186,0.002921490470949819,0.07425479279626143,0.0005635080577091513
theiler,w=0,z_z_z,10,10,20,50,5000,0,0.0,14.484388738993127,0.5292830510391228,5020.767286296721,304.47149801947677,9.263432607288049,0.4424359675897077,14.642968585422533,0.5485246596757221,19.728257549175645,0.7267385773152938,0.06001500239680083,0.0019260098310084248,15.080741312283763,0.6471918503218392,19.850617915368453,0.9018738286424035
theiler,w=0,y_z_y,10,10,20,50,5000,0,0.0,4.563315929507399,0.16162044842959203,377.4983448054453,14.620382288766299,4.544273385791947,0.1526508521391884,4.706211329779696,0.16733383762791207,5.519163555526006,0.1987873653822372,0.05912577734825464,0.0005208493669405253,0.8610948059917689,0.04927337607791488,0.49723476379790854,0.012042435634333963
theiler,w=0,x_y_x,10,10,20,50,5000,0,0.0,0.04594937343241111,0.0004507752657068899,0.005382219629066898,0.00024164151209551425,0.021772366999766434,0.00047601769685782743,0.04646957775163465,0.00047475479055259114,0.06266089466497492,0.0006147232984979904,0.058975458146672724,0.0002568507256501565,0.1446108742113144,0.0022829436989525663,0.07485103986080092,0.0005841867759580254
theiler,w=0,x_y_y,0,10,20,50,5000,0,0.0,nan,nan,nan,nan,nan,nan,nan,nan,nan,nan,nan,nan,nan,nan,nan,nan
theiler,w=0,y_z_z,10,10,20,50,5000,0,0.0,11.67291866298393,0.42080172166813,4610.971964174261,274.67793334356764,10.289226824785132,0.5644825656355444,12.491444082434864,0.48742060608576854,16.665485298180197,0.6140271987275605,0.0671692756247865,0.0015644996732002937,7.311874489587775,0.6485691270794977,6.499137792754004,0.2965422244066046
theiler,w=0,x_z_z,10,10,20,50,5000,0,0.0,11.719813797954952,0.4220013400057981,4612.036993626261,274.7456748770658,10.35034364643462,0.5659741222920166,12.549860043794197,0.489388890221859,16.73214538943797,0.6159436401535892,0.05901690918944632,0.0007660205340308582,7.300971881902759,0.6465143341920381,6.474149346940767,0.2966410720656812
theiler,w=0,x_z_x,10,10,20,50,5000,0,0.0,4.553785572476835,0.1604812442427369,377.06819164332717,14.59013136774564,4.52327137406844,0.15090552501341883,4.698660989019449,0.16620409816724369,5.51123849004262,0.19769377672187938,0.05543071453626545,0.0003888032052139502,0.8531518206997305,0.04704128151578788,0.4934597306782651,0.012030979292980953
theiler,w=0,y_plus_z,10,10,20,50,5000,0,0.0,0.6820693303716685,0.027728995380957317,16.090314864947953,1.1439992613021155,0.47837760733140566,0.025650719152099082,0.7128367042417755,0.031204708775103663,0.9622514399120506,0.03947567667327632,0.055592266518925834,0.0002656622487887298,0.3415990047674512,0.025006436123265172,0.44324822065862196,0.016847433053357685
theiler,w=0,x_plus_z,10,10,20,50,5000,0,0.0,1.8298904767883997,0.09057471177940643,127.90000831400558,8.64195194936748,1.6999058894561139,0.12173537585840362,1.9787427256788486,0.09958580110696814,2.5190124631939015,0.11730303493199173,0.05647413081398833,0.0002905549470530979,0.6147225653826551,0.0451031880657121,0.5576818811004352,0.018448731991481695
theiler,w=0,x_plus_y,10,10,20,50,5000,0,0.0,0.08764624042673673,0.002232934088180922,0.09631445622140297,0.0069990115850647495,0.0523755468954778,0.0020140723689074723,0.0890186408808577,0.002371753339451237,0.11970358439205613,0.0030553485216315264,0.05783121552825955,0.00022123100192338705,0.16439471507191045,0.0027026656668041114,0.10386523496032163,0.0021593487073802813
theiler,w=10,x_x_x,10,10,20,50,5000,10,0.0,0.11173333662180182,0.0030616567880309355,0.20521277198553287,0.0166510159593071,0.081376233878251,0.003652941327497921,0.11442647713982212,0.0033893095405101575,0.1538692202650253,0.004198557938536577,0.0660766130508879,0.00032033066350955363,0.18324900760944596,0.0015669008524632835,0.13317840043884,0.00287237174565326
theiler,w=10,y_y_y,10,10,20,50,5000,10,0.0,0.04783105561829304,0.0004254096237693626,0.005820493731824261,0.0003003017365194832,0.03130963403136484,0.0006933016204123304,0.04864465438560319,0.0004516905841481234,0.0658343686604567,0.0005766502017450717,0.06544672935513332,0.00031263014414338895,0.16123305483219721,0.0017513495844028353,0.08409150290390804,0.0006131934213508191
theiler,w=10,z_z_z,10,10,20,50,5000,10,0.0,14.627573268754029,0.472442015473374,5477.708152582466,315.0185662388545,11.65307851741778,0.673919352933832,14.880542488024949,0.5084335361971275,20.036151343626173,0.6539497650848178,0.06872665280792735,0.0012520718952636486,16.817504354396675,0.6686458144537178,21.340042343696634,0.9560354720113895
theiler,w=10,y_z_y,10,10,20,50,5000,10,0.0,4.6694214669948275,0.16868465550287715,384.51489045627767,15.437244757545278,4.7617858185653725,0.15845083916125943,4.818355822296183,0.17560432648596966,5.626482122665669,0.20549225409656052,0.0659691950881631,0.0006436174240531002,0.9076924762025289,0.048255706541030334,0.5379600222856976,0.013846457954176399
theiler,w=10,x_y_x,10,10,20,50,5000,10,0.0,0.04821132610709529,0.00040997591102028783,0.0059231714873317146,0.000303951383200886,0.03155069338516899,0.0006835794447833007,0.04903085713938816,0.0004395575477092518,0.06636771236485398,0.0005512268972313651,0.06552294267721238,0.000275202528518367,0.1607350156821408,0.0017956106453018749,0.08476674343608057,0.0006344234848769965
theiler,w=10,x_y_y,0,10,20,50,5000,10,0.0,nan,nan,nan,nan,nan,nan,nan,nan,nan,nan,nan,nan,nan,nan,nan,nan
theiler,w=10,y_z_z,10,10,20,50,5000,10,0.0,12.329630630160635,0.40207742411441816,5327.379427688886,300.02482440993356,12.37723330966756,0.7013515110526864,13.278479567456404,0.47742907252647493,17.557850477355,0.5842681933220486,0.07824485354608757,0.002054347871232173,7.846987992996034,0.6400742322773553,7.031218622898078,0.3077507505045978
theiler,w=10,x_z_z,10,10,20,50,5000,10,0.0,12.3784056778125,0.4039475505168431,5328.434100972959,300.08986136991865,12.44325018584864,0.7027544623031465,13.336344434137763,0.4794128288105645,17.62173689436697,0.5863134176460408,0.06759011183704162,0.0012328154038694433,7.847945195486746,0.6412443826720673,7.002691590741459,0.3077864421662777
theiler,w=10,x_z_x,10,10,20,50,5000,10,0.0,4.66244960838028,0.16797310292115936,384.2217135840241,15.386550589443432,4.740697134014361,0.15734753681456065,4.81295058884819,0.1746297327131673,5.620994060992092,0.20481039637651685,0.06279451409105591,0.0007555147856706877,0.8953557469490168,0.04371812668170458,0.5336153495203131,0.013851289270123593
theiler,w=10,y_plus_z,10,10,20,50,5000,10,0.0,0.7424506687100834,0.030580311911741712,20.116021672379595,1.5132671314692407,0.5667424629042177,0.029176639077041405,0.7852865164936568,0.03585247672191703,1.0464102053226998,0.043408318227436335,0.06262711773511766,0.0005611075111721087,0.3851473981295498,0.02748970780644603,0.48531277888018565,0.018848744841706875
theiler,w=10,x_plus_z,10,10,20,50,5000,10,0.0,1.910393309641386,0.08672809992219707,138.4683224231576,9.127085438473644,1.9099635065775487,0.13540505498856337,2.0739337827497986,0.09676550678545538,2.632082439855231,0.11532865128713259,0.06284042529104296,0.0006541435054811664,0.6678824510403286,0.04384510173889466,0.6046256403212656,0.019102640592205497
theiler,w=10,x_plus_y,10,10,20,50,5000,10,0.0,0.0926617644523959,0.0020144198439983004,0.11543611623170577,0.008390050774957702,0.06894848477037206,0.0029030699560646206,0.09489802621478995,0.0022068604324394286,0.12758571664898943,0.0026896862403881076,0.06403410605756742,0.0003675916511649035,0.17684467703135814,0.0015638362300190378,0.11598384565193705,0.002241408390165252
theiler,w=60,x_x_x,10,10,20,50,5000,60,0.0,0.10750813072193977,0.0030050775867276327,0.20653979407284911,0.020223733233942356,0.0901502711141402,0.0037794626244290275,0.11075924832216491,0.0035034968914304716,0.14798460979358838,0.004108866377182029,0.0660766130508879,0.00032033066350955363,0.20094539494377534,0.00340803921711811,0.13592659749598973,0.002852127667296453
theiler,w=60,y_y_y,10,10,20,50,5000,60,0.0,0.04365634507842742,0.0004440918968014681,0.004864020306100053,0.0002947256864075097,0.03894844377658482,0.0009076943888979664,0.04417261434722898,0.0004725654389503766,0.05992567201225196,0.0006140662206857152,0.06544672935513332,0.00031263014414338895,0.17185106058580848,0.0028442356798442296,0.08611850059272347,0.0007007473274386383
theiler,w=60,z_z_z,10,10,20,50,5000,60,0.0,14.356112388526347,0.4277763296567342,5446.5200385845255,301.3625214940232,12.114691273361926,0.7182814824933101,14.593064723235148,0.4682697404405605,19.58757004973265,0.6016010858668538,0.07036374882823782,0.0013320810725117203,16.844902718558586,0.6629718023924127,21.4015855304336,0.9648002829834051
theiler,w=60,y_z_y,10,10,20,50,5000,60,0.0,4.713252293465507,0.16904022891288836,388.30912066272975,15.420132872204986,4.674106563418446,0.16098576882195959,4.855820130495873,0.176191380901733,5.64799572924594,0.20520852509951548,0.0659691950881631,0.0006436174240531002,0.9486453029958781,0.04231036507243968,0.557306169693762,0.013979125686481141
theiler,w=60,x_y_x,10,10,20,50,5000,60,0.0,0.04401145042578053,0.00046926944148213706,0.004958816392701628,0.0003352599925020117,0.03911229521152402,0.0009599885551281307,0.04451820965610993,0.000501615195984693,0.06040994354849877,0.0006335258881853283,0.06552294267721238,0.000275202528518367,0.17137951720133912,0.0024376893056696613,0.08671436938617186,0.0007116502207524002
theiler,w=60,x_y_y,0,10,20,50,5000,60,0.0,nan,nan,nan,nan,nan,nan,nan,nan,nan,nan,nan,nan,nan,nan,nan,nan
theiler,w=60,y_z_z,10,10,20,50,5000,60,0.0,12.090189602182054,0.37879337824735104,5246.5053794895775,271.7950551733961,12.61909522148236,0.7477291192369991,13.01471390148142,0.44740091816174804,17.2142165434707,0.5426138293039058,0.08232648747373979,0.002632550061821302,7.925164365279987,0.6428886378286924,7.069726430680537,0.30881517126751296
theiler,w=60,x_z_z,10,10,20,50,5000,60,0.0,12.13658141276617,0.38067942971206975,5247.486078494212,271.8327059145745,12.686770919113446,0.7490767572602303,13.069987549316306,0.44907673966471995,17.275164498253506,0.5443626847197487,0.07023861634834368,0.001085533309700975,7.918222776786361,0.6444166116669999,7.0409234735984,0.308797250752169
theiler,w=60,x_z_x,10,10,20,50,5000,60,0.0,4.706412888345655,0.1686911870251734,387.99292326329936,15.40325494229345,4.651250645266768,0.15992954606051754,4.850785731666773,0.17546428435381226,5.643389887627764,0.20466966694487657,0.06279451409105591,0.0007555147856706877,0.9352406014588425,0.03992214089956345,0.552672715781555,0.013975536289205103
theiler,w=60,y_plus_z,10,10,20,50,5000,60,0.0,0.7295590986822637,0.030345107333798145,20.212929927292215,1.5720748819500197,0.5791790393002976,0.030324259376050853,0.776338058570815,0.03597834560346219,1.0295196209505597,0.04295752209500743,0.06262761498150657,0.0005608666423673148,0.3897222571179615,0.02886582395820745,0.4904901745845877,0.01905580503470929
theiler,w=60,x_plus_z,10,10,20,50,5000,60,0.0,1.8659315591698955,0.08301914802856612,136.19366487388436,9.065015093623499,1.9341051606508899,0.13916703065126348,2.0247754456981015,0.09229719620005084,2.5697023259465306,0.10818752431169482,0.06287769246617232,0.000645665390386622,0.6846570191490366,0.04066980885991445,0.6131449138582727,0.019357189979759652
theiler,w=60,x_plus_y,10,10,20,50,5000,60,0.0,0.08811157209550706,0.002185198573133247,0.11375327219165413,0.012537060744119801,0.07807627484579306,0.0030730359483088707,0.09036525568747815,0.002591103360981197,0.1208746637313139,0.0029013543404493025,0.06403410605756742,0.0003675916511649035,0.19033393578889798,0.0053411317945025105,0.11829322633945163,0.0022518381566546913
query_count,Nq=1000,x_x_x,10,10,20,50,1000,30,0.0,0.11141548168869857,0.007445216216551387,0.20976364188637042,0.05210843892738227,0.08681977009792115,0.007374918497012053,0.11458083651476778,0.008228820897592472,0.15304312401624107,0.009314746649858586,0.06632117184793432,0.0014652936997293698,0.19312419073459236,0.0066814653906388,0.13692702610988722,0.0061165407337338586
query_count,Nq=1000,y_y_y,10,10,20,50,1000,30,0.0,0.04527616610080864,0.0005974474364906899,0.005067274961868434,0.00041626880415907306,0.036135951872335405,0.0017940070582912711,0.045828962298243334,0.0006016706971524718,0.06198215103875828,0.0007965350866026963,0.065526678122075,0.0014265165031683794,0.16827512491497185,0.004665036006402046,0.08564401871177703,0.0013236526178795707
query_count,Nq=1000,z_z_z,10,10,20,50,1000,30,0.0,14.945216184201977,0.9970491382630434,5651.901624174983,800.4054596533806,11.547815354673382,1.316224638370463,15.186353513739144,1.0680583114825368,20.436057002867724,1.3640886195677653,0.07327492185372193,0.00566634350723558,17.88571273933159,2.1463444533206997,22.215213509806865,1.9614913509230953
query_count,Nq=1000,y_z_y,10,10,20,50,1000,30,0.0,4.785775561217924,0.2530339906531261,393.90551517042854,22.644430081789583,4.987115420886278,0.41026023169784753,4.929637882425757,0.26526638800471736,5.773734378796209,0.3190726811978148,0.06656234837358686,0.0017073707199011434,0.9480417253469687,0.059044286827021134,0.5641399524263818,0.027443090389848913
query_count,Nq=1000,x_y_x,10,10,20,50,1000,30,0.0,0.045433432764979784,0.0007085996037258309,0.004981125196699308,0.0004014525634049288,0.036528196944438776,0.0017532026522790998,0.04597755322371251,0.0007014116337825318,0.06225036525351755,0.0009260048290266866,0.06581599864229581,0.0013884097407076922,0.1674680535459406,0.004939903881664658,0.08626925350345224,0.0013451167481187565
query_count,Nq=1000,x_y_y,0,10,20,50,1000,30,0.0,nan,nan,nan,nan,nan,nan,nan,nan,nan,nan,nan,nan,nan,nan,nan,nan
query_count,Nq=1000,y_z_z,10,10,20,50,1000,30,0.0,12.754766035202117,0.9672340063971339,5558.065354737876,963.2419647784512,12.924466145684216,1.4663833034852634,13.722863954310688,1.1108840964465985,18.180711277122366,1.3695581962432688,0.08466837774790656,0.00781908350556015,8.65550910948317,1.3013845431734448,7.275172437541156,0.6565913053867842
query_count,Nq=1000,x_z_z,10,10,20,50,1000,30,0.0,12.80206149277744,0.9702513399406236,5559.1126194233575,963.1965036695649,12.989986576488812,1.4641601500763741,13.77942488255879,1.1138530316579969,18.24350352854515,1.3729728394996503,0.0715068325256442,0.0039446521050287295,8.650261416845714,1.2992940753216122,7.2465490474376795,0.6566948646699522
query_count,Nq=1000,x_z_x,10,10,20,50,1000,30,0.0,4.780493602768845,0.2520473055960859,393.6944172011855,22.65513329787713,4.96484283157013,0.4095209457873257,4.925463785723754,0.2652036515028842,5.769498084453923,0.31905945719058754,0.06321134239149423,0.0018019292556157947,0.9352769515524237,0.0527816353236324,0.5595933877075623,0.027438068815161393
query_count,Nq=1000,y_plus_z,10,10,20,50,1000,30,0.0,0.744863569500686,0.06145355191576546,19.828258355252803,3.6792815849143152,0.6072124255659854,0.07748683545646322,0.7867468449745455,0.07039514422472441,1.0498531539763756,0.08545784333756677,0.06270301106264749,0.00203111064169843,0.4174283055599569,0.05384475659291092,0.5001383484940172,0.044895709670221155
query_count,Nq=1000,x_plus_z,10,10,20,50,1000,30,0.0,1.938589478768981,0.17673345473803473,141.56865503645048,17.877663034051753,1.9077781828320046,0.31321184178441785,2.0950209556926627,0.18840844664755893,2.675835013860548,0.22945022621065406,0.06330911456016826,0.002148565350576921,0.7213714599963806,0.10035945067679662,0.6413479622718938,0.046770553367965796
query_count,Nq=1000,x_plus_y,10,10,20,50,1000,30,0.0,0.09225569746354867,0.00595637566330339,0.11771136151629664,0.030598027604307753,0.07562143587895506,0.004798699044929366,0.09464667695182497,0.006648548719539483,0.12664793780452563,0.007556773450640194,0.06430421406434705,0.0010152214815497163,0.18447065832622658,0.005340855042907319,0.11879033054397428,0.004207895398218517
query_count,Nq=2500,x_x_x,10,10,20,50,2500,30,0.0,0.11121220834215409,0.007575089443401391,0.2202099287672361,0.03691524151221173,0.08879169164694545,0.003807786506480075,0.11474849789738639,0.008008074819859252,0.15280625024675615,0.010137693985455496,0.06604137942740947,0.00048343508141820003,0.19314076883888381,0.005721889941951323,0.13646268536140194,0.004264160127021562
query_count,Nq=2500,y_y_y,10,10,20,50,2500,30,0.0,0.045428615467447545,0.0005189803123690376,0.005174002878381353,0.00040309802565702973,0.03648832346976884,0.0010859043975795094,0.046013316720980524,0.0005284472321858229,0.0622168050812578,0.0006746049444158012,0.06538653889701926,0.0005150668038779433,0.16786920886980106,0.0029617092574071584,0.08563540230962875,0.0008130675893028439
query_count,Nq=2500,z_z_z,10,10,20,50,2500,30,0.0,14.840185763057232,1.1992734132844984,5703.34939451401,668.9146489867251,12.202866117131654,1.0160450452302332,15.101383502190435,1.2460167498853199,20.25490384739327,1.6619769358392789,0.07118905362903938,0.002448999439097517,18.070167156955304,2.1290293951773576,21.963706166514548,1.5278885165939196
query_count,Nq=2500,y_z_y,10,10,20,50,2500,30,0.0,4.796457435512247,0.3690771074321968,396.06287641722986,35.94548058262562,4.834023877463855,0.3678994883384085,4.937911644348526,0.3797777278343858,5.754619333738724,0.4372067742387515,0.06626798210126121,0.0008035669698729319,0.9397050244201101,0.06617046146306912,0.5578709827692482,0.024948872991120596
query_count,Nq=2500,x_y_x,10,10,20,50,2500,30,0.0,0.0456222951873717,0.00046263790541406063,0.005164662547523154,0.0003730388778313296,0.03680035286991279,0.001053363554383411,0.04621551188312829,0.000461763922264875,0.06252720464933396,0.0006264274762125379,0.06554948796862092,0.0005089794340151716,0.16756753078838232,0.0029204187674548854,0.08626853221164153,0.0008217622068791689
query_count,Nq=2500,x_y_y,0,10,20,50,2500,30,0.0,nan,nan,nan,nan,nan,nan,nan,nan,nan,nan,nan,nan,nan,nan,nan,nan
query_count,Nq=2500,y_z_z,10,10,20,50,2500,30,0.0,12.489282726164365,1.1643496157720956,5508.534914309636,854.5670410735752,13.087243162014298,1.2019821924308731,13.465884753883595,1.2849572135394134,17.800532524982508,1.636168587934329,0.08365780538433794,0.003113705052667537,8.487696343266828,1.1724314527016526,7.191611961912129,0.4624656262258227
query_count,Nq=2500,x_z_z,10,10,20,50,2500,30,0.0,12.537521766645993,1.1624970511382753,5509.515605094444,854.5255803239103,13.15531547812831,1.1993635197769243,13.522912914851736,1.2831281275496549,17.863312000903736,1.6340055915362925,0.07146787807146758,0.0019805862205981187,8.471076840921416,1.1781587717262074,7.162849814641564,0.4630792001995592
query_count,Nq=2500,x_z_x,10,10,20,50,2500,30,0.0,4.7895936126299485,0.36934153854548,395.7835070841394,35.91846121310888,4.811240752915127,0.3677877369116336,4.932265231424612,0.37934385061158515,5.749017507049907,0.43713684888993265,0.06302128070131252,0.000788410851077864,0.9256076323387037,0.0547294778717153,0.5533702544657055,0.024912858234203448
query_count,Nq=2500,y_plus_z,10,10,20,50,2500,30,0.0,0.7552853300333849,0.06523674645978178,20.94250491327643,2.3558016822768075,0.5917940497875623,0.044379342899672006,0.8030484856619771,0.0672491869268068,1.065438391242081,0.08934607694609836,0.06256675835842841,0.0008331106987913925,0.40786764335530545,0.04668372989322362,0.49862484517592176,0.030138186863548563
query_count,Nq=2500,x_plus_z,10,10,20,50,2500,30,0.0,1.93291289633982,0.14134518894633213,140.849406705969,13.247603183675812,1.9631954738685837,0.12659995973748953,2.0948295319222736,0.15062835886355003,2.665065751444712,0.1950620318818436,0.0629395386625734,0.0009679801727841393,0.727221130993571,0.08956134983461041,0.6242237126598094,0.03617718017190802
query_count,Nq=2500,x_plus_y,10,10,20,50,2500,30,0.0,0.09133762096241291,0.006298934192843053,0.12151089989412071,0.02471774895641261,0.07682445702541821,0.0033293446863865454,0.09394801732777987,0.006551618789084843,0.125459719259501,0.008022239694710638,0.0640050845167547,0.000494471272808474,0.18400144852835632,0.0036071423068361483,0.11839002275934063,0.00281302199034831
query_count,Nq=10000,x_x_x,10,10,20,50,10000,30,0.0,0.10916176316837012,0.0013275918939481936,0.20995483825681355,0.009373518257951635,0.0873825068288803,0.002296551470752195,0.11245709700741276,0.0014320052090885831,0.1500001221351028,0.001828634196212781,0.06620370587296326,5.909052455247907e-05,0.1915735240883253,0.0017275555971459087,0.13405125702304932,0.0011211345173794249
query_count,Nq=10000,y_y_y,10,10,20,50,10000,30,0.0,0.045255844690066854,0.00024020047189697325,0.005116655720429649,0.00013369459828491262,0.03672288093094232,0.0004264347037093301,0.04586020045994742,0.000245570622310941,0.06199517524483498,0.00033157643866958117,0.06567132579139423,0.0001359769040461288,0.16750507426928796,0.0011581829559261245,0.08564731263522263,0.0003610850156401348
query_count,Nq=10000,z_z_z,10,10,20,50,10000,30,0.0,14.336565379633607,0.22668377131884695,5470.524600841843,132.1826968972151,12.086811177106824,0.464387093633679,14.572043173602413,0.22013557561513902,19.568697712605015,0.3062884605839917,0.07002117302845301,0.000959487106465088,16.962141249802087,0.304918105619521,20.809982431737435,0.4026552109532997
query_count,Nq=10000,y_z_y,10,10,20,50,10000,30,0.0,4.6885673992907835,0.06820098857387101,386.2632609000903,5.578572329295501,4.705671922897565,0.07962661441070823,4.825612234886492,0.07007980403405595,5.612631926691115,0.08101376494605789,0.06622085816667142,0.00019114103932348656,0.9298564978713213,0.01531300405104599,0.5406077628130703,0.005401938434263057
query_count,Nq=10000,x_y_x,10,10,20,50,10000,30,0.0,0.04544918398955198,0.0002388420559450826,0.005139354376727827,0.00017458392445020483,0.03705539397812442,0.0004771660312137633,0.046057060391535065,0.00024626072537240834,0.06229038951498265,0.0003331363330049352,0.06579418708491534,0.00013503248653322242,0.16725686092736708,0.0014714765275684525,0.086300334068948,0.0003696755350503135
query_count,Nq=10000,x_y_y,0,10,20,50,10000,30,0.0,nan,nan,nan,nan,nan,nan,nan,nan,nan,nan,nan,nan,nan,nan,nan,nan
query_count,Nq=10000,y_z_z,10,10,20,50,10000,30,0.0,12.059632402581036,0.2658362801350887,5185.677639052815,225.32241878617154,12.540848766664258,0.4018978959991051,12.95584441333672,0.2943150413441398,17.160751123844314,0.36569800114817214,0.08311724953851579,0.0014185262688938321,7.983391563755001,0.2598921790336939,6.8873436777071335,0.1235166069499212
query_count,Nq=10000,x_z_z,10,10,20,50,10000,30,0.0,12.107114741495009,0.26623308280742136,5186.697570179266,225.33288666301215,12.608589228538904,0.4017647332177146,13.01268309472855,0.2949794328837536,17.22318704415878,0.3663301978545481,0.07090346038333942,0.0007396382838722843,7.978632683152236,0.2525210610701224,6.858683742977497,0.12339566113997741
query_count,Nq=10000,x_z_x,10,10,20,50,10000,30,0.0,4.68116222851944,0.06879719251747224,385.96630483138034,5.60673520340555,4.684140596501501,0.07994189086561422,4.819559219760194,0.07035377831624919,5.606486812056861,0.08114132914925638,0.06308209552744377,0.00027302637223933544,0.9195348132691235,0.011574539333553527,0.5361170013051304,0.005279275611149935
query_count,Nq=10000,y_plus_z,10,10,20,50,10000,30,0.0,0.7203618712349755,0.01591850545949776,19.703839357036678,0.7182636886808973,0.5748786555821824,0.011402246948438437,0.7649592591265122,0.017359900942316073,1.01737171369953,0.021556069474782787,0.06302134308975567,0.00022388711636631004,0.3872416538095379,0.011056729408667714,0.47787616243648123,0.007701959648898692
query_count,Nq=10000,x_plus_z,10,10,20,50,10000,30,0.0,1.8522041503538655,0.048431875596670275,134.55676938924768,4.987682071878278,1.8933667842526247,0.0446773564082513,2.011130918624895,0.05163939136429842,2.5649230927685513,0.060620881751473295,0.06321647752378884,0.0001848122621889203,0.6809679432160932,0.016159946598230866,0.6026940679704317,0.010132806796536489
query_count,Nq=10000,x_plus_y,10,10,20,50,10000,30,0.0,0.08991549657078232,0.0010977236127977887,0.11613948024601861,0.0062409899845917525,0.07615390257513752,0.0017934715971892243,0.09235016697552982,0.0011555940643934307,0.12350463804915357,0.001440228325584799,0.06419766857486264,0.00014108960066138413,0.1826253418747153,0.0007558474001550747,0.11694927523041032,0.0009920589894469793
noise,noise=0.01,x_x_x,10,10,20,50,5000,30,0.01,0.11685909633379496,0.0028571539877790004,0.20763478183780296,0.0187128321536028,0.09904161713815911,0.003744177140644904,0.12014569308841663,0.003313367412782412,0.16199309258288658,0.003942311327369701,0.06961841416215941,0.0006881498211994902,0.19254622489506304,0.001957347137036463,0.13917094803508218,0.0028225663478062646
noise,noise=0.01,y_y_y,10,10,20,50,5000,30,0.01,0.0488758537844083,0.00046433113061977873,0.0054648171086700194,0.0002788510897597831,0.042965812854741534,0.0007505403684532335,0.04944820355837175,0.00047902145561319555,0.06772754794198116,0.0006137410855327203,0.06714955815426861,0.0003507095754979716,0.16858114159765383,0.0019360832140101203,0.08686738876548177,0.00065840564286724
noise,noise=0.01,z_z_z,10,10,20,50,5000,30,0.01,3.552729649155714,0.09530829556215178,201.98638983081239,13.755517378851586,3.1013495148514556,0.13281527864411719,3.617423654367053,0.10448137631080703,4.922595069173089,0.1308645134463281,0.1961832905821841,0.002690065751042586,4.539815065849184,0.19335926131091097,4.946709963492486,0.23022851565194685
noise,noise=0.01,y_z_y,10,10,20,50,5000,30,0.01,4.037401672817959,0.15030566008972934,262.64330980922193,11.779314437178968,4.031057723089477,0.145574019526016,4.160071110140818,0.155438698890466,4.911273468973849,0.18026759867899494,0.168198936241651,0.001089170059900866,0.825334714330709,0.037483025077407424,0.5447138778035716,0.01197377322403422
noise,noise=0.01,x_y_x,10,10,20,50,5000,30,0.01,0.04920251695510466,0.00046844352563782106,0.00554057447617423,0.00033075658426015656,0.04345582502814484,0.0008116001486726398,0.04979271754694907,0.0004969255571406756,0.0682153602224678,0.0006157954383998454,0.06727981231921812,0.00031916507794868895,0.16787780996144575,0.0017784005461419156,0.08756134047632788,0.0006488847788688473
noise,noise=0.01,x_y_y,10,10,20,50,5000,30,0.01,0.05051281481657184,0.000580373102485972,0.008139630043758318,0.0003110338068661613,0.05393831644398286,0.0008567485985168028,0.05353572780713702,0.0007163713032696679,0.07110802598728812,0.0008090481384316713,0.06631171743474046,0.00038298670539477307,0.11828994316748143,0.00391723111364613,0.07429598311788527,0.00045242105789098784
noise,noise=0.01,y_z_z,10,10,20,50,5000,30,0.01,2.6594892662633765,0.07455824363313314,129.9645556623609,11.200076352536929,2.6643177269919205,0.17448044325014445,2.6957165333795308,0.08102881821627994,3.675892333911995,0.09922867197624428,0.20799374033841703,0.001924014750725822,3.2117070267711347,0.20420290649829492,2.813734296033658,0.13405745106818856
noise,noise=0.01,x_z_z,10,10,20,50,5000,30,0.01,2.6445944766340164,0.06043362790198067,128.78915146341703,10.709765802146203,2.6489192323676454,0.17040879145969523,2.681618428011846,0.06614254520202377,3.656172756826156,0.07853251850437423,0.1778886261799258,0.0016569789293433208,3.195385000803761,0.2180387690195763,2.7683563131214837,0.11747832821781894
noise,noise=0.01,x_z_x,10,10,20,50,5000,30,0.01,4.024792449534192,0.1399738326789086,262.1063179182967,11.005151995514778,4.007878868446517,0.13121442485529647,4.151680728368417,0.14462259019511572,4.901577732906202,0.16898640954844998,0.1621306512710346,0.001593633214721853,0.8212569698321269,0.03659161387002904,0.5385336015281348,0.012768697582772931
noise,noise=0.01,y_plus_z,10,10,20,50,5000,30,0.01,0.809303979604177,0.03003762181265581,20.723541827092557,1.5574898639728447,0.6519290997479058,0.030224859041088552,0.8562074177283006,0.03531881482547804,1.1450765067916036,0.042226341540141654,0.10592248606480714,0.0008217586847906973,0.38630264522443697,0.02456744161701522,0.5244821289995881,0.01890585403901317
noise,noise=0.01,x_plus_z,10,10,20,50,5000,30,0.01,1.8844483136515737,0.08146770764981504,118.91066749721281,8.472172831424405,1.9235824245493756,0.13151949908377064,2.0330920920913274,0.09138853568594656,2.6208979584096412,0.10688707021974446,0.13839638985742422,0.00047805753603348354,0.6491820292253356,0.03515560774750562,0.646710172574142,0.018938234213372138
noise,noise=0.01,x_plus_y,10,10,20,50,5000,30,0.01,0.09564079955518298,0.0020340099327947384,0.11496785059726074,0.01185132333376544,0.08530943651636057,0.0029603025196407685,0.09800952183689315,0.0023871560296072404,0.13254190217099077,0.0026832451486362096,0.0671659503132824,0.00042706988280013315,0.18456372326960882,0.002538390018637501,0.12037356967395411,0.0022576085006671236
noise,noise=0.05,x_x_x,10,10,20,50,5000,30,0.05,0.1909534454226712,0.0030134038180566806,0.2327640665473142,0.02103840041187685,0.17244801680387709,0.0036825838504583206,0.19417427706371293,0.003431688949358768,0.2696440788911863,0.004099996789659668,0.10835705269951985,0.0006066536057042722,0.20878880812967196,0.003610426316419389,0.17039357402793165,0.0028634380627008023
noise,noise=0.05,y_y_y,10,10,20,50,5000,30,0.05,0.09458724747742181,0.0004886298392005845,0.013247339919836496,0.000354157142424288,0.09006900480293571,0.0008888548407202761,0.0952355425885543,0.000517514448926259,0.1348499913932269,0.0006780239041808174,0.09015984863318192,0.0004505379260971671,0.17140862380983288,0.0034526720524726455,0.1060040836494917,0.0004034952188332158
noise,noise=0.05,z_z_z,10,10,20,50,5000,30,0.05,1.6540242972927703,0.02535220460027604,14.34180900693776,0.956022564793401,1.5264514161812845,0.030293240401786686,1.6695336287232962,0.026793304191924463,2.325473150029698,0.03357778233975511,0.22030079990078727,0.001874976957157564,1.4944916491598115,0.05103878023390183,1.4289419294480086,0.05431195009274741
noise,noise=0.05,y_z_y,10,10,20,50,5000,30,0.05,1.498596109299332,0.048647595731889405,27.73217878913359,1.4433258891606133,1.4290278564973602,0.040909728845368046,1.5549844539225763,0.05109110609284091,1.9435086598812092,0.05944908434981976,0.2053178121338289,0.0015064050447461564,0.480379954657607,0.010887880761130871,0.3490086206097616,0.0054001936975015775
noise,noise=0.05,x_y_x,10,10,20,50,5000,30,0.05,0.09558581913926686,0.0005753979970464682,0.01348112086694156,0.0004292978378323062,0.09106324738181776,0.0007209195663104845,0.09625344575232955,0.0005759104319477635,0.1362602500655286,0.000775914735726716,0.09063663011766092,0.000499259218227608,0.1716853016225383,0.002859949713844733,0.10679156233429646,0.0005887803405469578
noise,noise=0.05,x_y_y,10,10,20,50,5000,30,0.05,0.09675149159842361,0.000717535073618582,0.016444762528487252,0.0004211584903908356,0.098124365481268,0.0009227699980914616,0.09925660063035231,0.0008168670010530792,0.13851486750132874,0.0009984894812754442,0.08688688084487473,0.0004071673172022661,0.13074187450757843,0.0015765196657067258,0.09345352341812842,0.00043965847009925683
noise,noise=0.05,y_z_z,10,10,20,50,5000,30,0.05,1.2563900131472363,0.016117001748979166,8.127960279395264,0.6022892393257064,1.2537320543114006,0.03974414350077494,1.2669386952514319,0.016800498554971885,1.770505144305052,0.020434920581961828,0.23048696326073906,0.00183280228698021,1.0714755608596649,0.0386056309643609,0.955617660277756,0.03482028834373188
noise,noise=0.05,x_z_z,10,10,20,50,5000,30,0.05,1.231128253640749,0.018206306071349626,8.098470862710773,0.7042571160006473,1.226151375702353,0.039135247394670954,1.2407837071123085,0.01956922875107989,1.731205489064085,0.0246323560666406,0.2144270192768974,0.002400292254761073,1.0377127857103416,0.04448550898667429,0.9329104087347335,0.03546702998444057
noise,noise=0.05,x_z_x,10,10,20,50,5000,30,0.05,1.5047878035354236,0.0506853155209224,28.1555502304662,1.5371956389813373,1.4217041289096746,0.04716881887613748,1.5641474823248727,0.05349693751839184,1.9546501143819932,0.0618975810310138,0.1993465585419641,0.001332543262599499,0.47540688124776376,0.006391331357620349,0.3440560186899608,0.0050155347294188355
noise,noise=0.05,y_plus_z,10,10,20,50,5000,30,0.05,0.8606473063685739,0.01644739778891304,10.659052501882426,0.5688322815332094,0.7421591404172236,0.01948992525947646,0.8870248262241833,0.017981795316012544,1.2249200190644527,0.022563324615810346,0.18293490365275852,0.0007519418962760608,0.4396329631689951,0.022973212701325577,0.5404088454671649,0.015997620585169098
noise,noise=0.05,x_plus_z,10,10,20,50,5000,30,0.05,0.9507488974931348,0.011010451462926221,10.960792844169276,0.5644931904009298,0.9881872417097259,0.042873485148589345,0.9839564246840882,0.014185462504362738,1.357850945840035,0.01602429529981181,0.19983864466412182,0.0012873796929514013,0.4918461809308786,0.018767655222879064,0.5161338647741242,0.012918718975771525
noise,noise=0.05,x_plus_y,10,10,20,50,5000,30,0.05,0.15604141150792986,0.002063704396953763,0.12380380833908664,0.011931684579028556,0.14528220808114192,0.0027492606779396652,0.1582788550267896,0.002462774974887148,0.2205091177819316,0.0028215757084791297,0.10021989352098729,0.00041990987301260046,0.19485445497338258,0.0025766481585753898,0.14633800809023287,0.0022961938833077
noise,noise=0.1,x_x_x,10,10,20,50,5000,30,0.1,0.286263549334659,0.002256068914103295,0.2713922078906955,0.019019737444056297,0.2686910744938947,0.003040566407471552,0.28939213876532643,0.0026356127643764526,0.40731016780698875,0.0031671213699974127,0.14334203293089237,0.0008795594289216946,0.2585657200853101,0.00473040186491962,0.20116105497760475,0.00292405058365832
noise,noise=0.1,y_y_y,10,10,20,50,5000,30,0.1,0.1612876800623645,0.0005355738964592632,0.03404527066951937,0.0004336935736264023,0.15483711431178715,0.0008735630091737367,0.1619846454882527,0.000569740331618991,0.2307973756174611,0.0007923618777266191,0.11649351828512308,0.000947503651875079,0.18949197548123173,0.0023767241184772933,0.13025731097714724,0.000740976177919101
noise,noise=0.1,z_z_z,10,10,20,50,5000,30,0.1,1.3812965315149153,0.01156784679446307,5.280821410661437,0.25226445479097176,1.3227424871165092,0.012190716970101495,1.3915609965821816,0.011961934656888546,1.9612296191987082,0.01486015853409361,0.223869393463332,0.0031647244272692897,1.009959570856769,0.05697136059507515,0.8729509569252862,0.028304386503958726
noise,noise=0.1,y_z_y,10,10,20,50,5000,30,0.1,0.9801339522338604,0.022149057154980785,7.388276775098872,0.41483450426162993,0.9195278082732834,0.017697782403614068,1.0250156815355147,0.024339165697891185,1.3506105821475103,0.027710351238194483,0.21839866569871677,0.0012690640697188026,0.4299239965554237,0.01214662877088283,0.30637108909053457,0.0026728621395911097
noise,noise=0.1,x_y_x,10,10,20,50,5000,30,0.1,0.16321717349610038,0.0007334829418185175,0.03470029530337619,0.000478326741970897,0.15728914825340098,0.0010440218708828795,0.16389621449046435,0.0007402538278347073,0.23348083250625754,0.0010298309162201354,0.11713433563247726,0.0004904010672627087,0.19105696521116924,0.002207756856052654,0.13110553520064983,0.0005003879962311258
noise,noise=0.1,x_y_y,10,10,20,50,5000,30,0.1,0.16185581255857773,0.0007288577883376929,0.03591951312975848,0.0003930925688302078,0.15976461067876724,0.0010287788325370698,0.1635257565238765,0.0007523911806485935,0.23176110493163,0.0010375644536488504,0.11225877552310022,0.0004311228686740837,0.16110395058922092,0.0010724048153878305,0.11766817676909513,0.0004837548191084354
noise,noise=0.1,y_z_z,10,10,20,50,5000,30,0.1,1.080443689723753,0.00978204465133831,3.1590229981526283,0.19751716624069476,1.0884826674164005,0.02053659696560885,1.0888389243830834,0.010349308780358484,1.5373522462825733,0.013241351130919725,0.23199887054038376,0.0022037493151826223,0.7301456697386115,0.0233597501372159,0.6247385861040174,0.019636023941549816
noise,noise=0.1,x_z_z,10,10,20,50,5000,30,0.1,1.054481244623332,0.007746586805889154,3.0810754908044222,0.16243560987795091,1.0549745698825026,0.02101328106073455,1.0615350445638192,0.008558129642736634,1.4966240647866638,0.010243907364171837,0.2195804895089722,0.0019012983138670739,0.6820515124786447,0.03041478734096935,0.6112582645525965,0.01880981901442326
noise,noise=0.1,x_z_x,10,10,20,50,5000,30,0.1,0.9715953117579753,0.021126267108407638,7.209511372318985,0.3983561884268045,0.9090499955862512,0.015587528972736993,1.0173804056582747,0.0238210620855562,1.3425147809733065,0.027359565320478986,0.2132004065814254,0.0016589496378148474,0.4173949630318652,0.014257268488670479,0.3025480297365609,0.00452673735334735
noise,noise=0.1,y_plus_z,10,10,20,50,5000,30,0.1,0.8209724579104976,0.011771345484889865,3.9418581044902625,0.3096038831492268,0.7558534231735553,0.016060869403279474,0.8317925823351553,0.013526217507160439,1.1691758566472936,0.01665751708410334,0.21097299458169796,0.0010882044809987744,0.4841483910589023,0.02371779056756947,0.49010346359599727,0.013863012405946496
noise,noise=0.1,x_plus_z,10,10,20,50,5000,30,0.1,0.7996866480182908,0.008522761029484129,2.7129195258931817,0.17177436550810285,0.8157881929311767,0.021417558678580882,0.8076071706428876,0.009366837599400862,1.137741530646476,0.011915466782508629,0.21447872621865255,0.0017861043303021398,0.46982320311132286,0.010559221351295873,0.4284972770805404,0.01032853021174064
noise,noise=0.1,x_plus_y,10,10,20,50,5000,30,0.1,0.23694325998351565,0.0021257368260378068,0.1530729997559232,0.011739184437564365,0.22654247892252527,0.0029600883392125396,0.23919641048207185,0.0024819063100176516,0.33726906984423133,0.00292004450367079,0.13140419525795152,0.000937345390478471,0.22751918444603064,0.002965381246576828,0.17337395496564748,0.0022270742224980906
